USE ASG_24;
go
-----------------------Insertion des Tuteurs----------------------------------

INSERT INTO Tuteur (TuteurID, Nom, Prenom, Telephone, Adresse, Email)
VALUES (1, 'Dupont', 'Jean', '819-123-4567', '123 Rue Principale', 'jean.dupont@gmail.com');

INSERT INTO Tuteur (TuteurID, Nom, Prenom, Telephone, Adresse, Email)
VALUES (2, 'Tremblay', 'Marie', '819-234-5678', '456 Avenue Secondaire', 'marie.tremblay@gmail.com');

INSERT INTO Tuteur (TuteurID, Nom, Prenom, Telephone, Adresse, Email)
VALUES (3, 'Lavoie', 'Pierre', '819-345-6789', '789 Rue Troisième', 'pierre.lavoie@gmail.com');

INSERT INTO Tuteur (TuteurID, Nom, Prenom, Telephone, Adresse, Email)
VALUES (4, 'Leblanc', 'Sylvie', '819-456-7890', '987 Boulevard Quatrième', 'sylvie.leblanc@gmail.com');

INSERT INTO Tuteur (TuteurID, Nom, Prenom, Telephone, Adresse, Email)
VALUES (5, 'Gagnon', 'Luc', '819-567-8901', '654 Rue Cinquième', 'luc.gagnon@gmail.com');

INSERT INTO Tuteur (TuteurID, Nom, Prenom, Telephone, Adresse, Email)
VALUES (6, 'Bergeron', 'Isabelle', '819-678-9012', '321 Avenue Sixième', 'isabelle.bergeron@gmail.com');

INSERT INTO Tuteur (TuteurID, Nom, Prenom, Telephone, Adresse, Email)
VALUES (7, 'Roy', 'Michel', '819-789-0123', '123 Rue Septième', 'michel.roy@gmail.com');

INSERT INTO Tuteur (TuteurID, Nom, Prenom, Telephone, Adresse, Email)
VALUES (8, 'Morin', 'Nathalie', '819-890-1234', '456 Avenue Huitième', 'nathalie.morin@gmail.com');

INSERT INTO Tuteur (TuteurID, Nom, Prenom, Telephone, Adresse, Email)
VALUES (9, 'Lévesque', 'Jacques', '819-901-2345', '789 Rue Neuvième', 'jacques.levesque@gmail.com');

INSERT INTO Tuteur (TuteurID, Nom, Prenom, Telephone, Adresse, Email)
VALUES (10, 'Gauthier', 'Louise', '819-012-3456', '987 Boulevard Dixième', 'louise.gauthier@gmail.com');

INSERT INTO Tuteur (TuteurID, Nom, Prenom, Telephone, Adresse, Email)
VALUES (11, 'Pelletier', 'Robert', '819-123-4567', '123 Rue Onzième', 'robert.pelletier@gmail.com');

INSERT INTO Tuteur (TuteurID, Nom, Prenom, Telephone, Adresse, Email)
VALUES (12, 'Fortin', 'Suzanne', '819-234-5678', '456 Avenue Douzième', 'suzanne.fortin@gmail.com');

INSERT INTO Tuteur (TuteurID, Nom, Prenom, Telephone, Adresse, Email)
VALUES (13, 'Bouchard', 'Richard', '819-345-6789', '789 Rue Treizième', 'richard.bouchard@gmail.com');

INSERT INTO Tuteur (TuteurID, Nom, Prenom, Telephone, Adresse, Email)
VALUES (14, 'Lefebvre', 'Louise', '819-456-7890', '987 Boulevard Quatorzième', 'louise.lefebvre@gmail.com');

INSERT INTO Tuteur (TuteurID, Nom, Prenom, Telephone, Adresse, Email)
VALUES (15, 'Girard', 'Pierre', '819-567-8901', '654 Rue Quinzième', 'pierre.girard@gmail.com');

INSERT INTO Tuteur (TuteurID, Nom, Prenom, Telephone, Adresse, Email)
VALUES (16, 'Caron', 'Lise', '819-678-9012', '321 Avenue Seizième', 'lise.caron@gmail.com');

INSERT INTO Tuteur (TuteurID, Nom, Prenom, Telephone, Adresse, Email)
VALUES (17, 'Ouellet', 'Marc', '819-789-0123', '123 Rue Dix-Septième', 'marc.ouellet@gmail.com');

INSERT INTO Tuteur (TuteurID, Nom, Prenom, Telephone, Adresse, Email)
VALUES (18, 'Martel', 'Sylvie', '819-890-1234', '456 Avenue Dix-Huitième', 'sylvie.martel@gmail.com');

INSERT INTO Tuteur (TuteurID, Nom, Prenom, Telephone, Adresse, Email)
VALUES (19, 'Beaulieu', 'Pierre', '819-901-2345', '789 Rue Dix-Neuvième', 'pierre.beaulieu@gmail.com');

INSERT INTO Tuteur (TuteurID, Nom, Prenom, Telephone, Adresse, Email)
VALUES (20, 'Gagné', 'Martine', '819-012-3456', '987 Boulevard Vingtième', 'martine.gagne@gmail.com');

INSERT INTO Tuteur (TuteurID, Nom, Prenom, Telephone, Adresse, Email)
VALUES (21, 'Blais', 'André', '819-123-4567', '123 Rue Vingt-et-Unième', 'andre.blais@gmail.com');

INSERT INTO Tuteur (TuteurID, Nom, Prenom, Telephone, Adresse, Email)
VALUES (22, 'Lessard', 'Sophie', '819-234-5678', '456 Avenue Vingt-Deuxième', 'sophie.lessard@gmail.com');

INSERT INTO Tuteur (TuteurID, Nom, Prenom, Telephone, Adresse, Email)
VALUES (23, 'Gagnon', 'Denis', '819-345-6789', '789 Rue Vingt-Troisième', 'denis.gagnon@gmail.com');

INSERT INTO Tuteur (TuteurID, Nom, Prenom, Telephone, Adresse, Email)
VALUES (24, 'Côté', 'Louise', '819-456-7890', '987 Boulevard Vingt-Quatrième', 'louise.cote@gmail.com');

INSERT INTO Tuteur (TuteurID, Nom, Prenom, Telephone, Adresse, Email)
VALUES (25, 'Lapointe', 'Michel', '819-567-8901', '654 Rue Vingt-Cinquième', 'michel.lapointe@gmail.com');

INSERT INTO Tuteur (TuteurID, Nom, Prenom, Telephone, Adresse, Email)
VALUES (26, 'Rousseau', 'Julie', '819-678-9012', '321 Avenue Vingt-Sixième', 'julie.rousseau@gmail.com');

INSERT INTO Tuteur (TuteurID, Nom, Prenom, Telephone, Adresse, Email)
VALUES (27, 'Lauzon', 'Robert', '819-789-0123', '123 Rue Vingt-Septième', 'robert.lauzon@gmail.com');

INSERT INTO Tuteur (TuteurID, Nom, Prenom, Telephone, Adresse, Email)
VALUES (28, 'Gauthier', 'Suzanne', '819-890-1234', '456 Avenue Vingt-Huitième', 'suzanne.gauthier@gmail.com');

INSERT INTO Tuteur (TuteurID, Nom, Prenom, Telephone, Adresse, Email)
VALUES (29, 'Lemieux', 'Pierre', '819-901-2345', '789 Rue Vingt-Neuvième', 'pierre.lemieux@gmail.com');

INSERT INTO Tuteur (TuteurID, Nom, Prenom, Telephone, Adresse, Email)
VALUES (30, 'Bédard', 'Marie', '819-012-3456', '987 Boulevard Trentième', 'marie.bedard@gmail.com');

INSERT INTO Tuteur (TuteurID, Nom, Prenom, Telephone, Adresse, Email)
VALUES (31, 'Richard', 'Jean', '819-123-4567', '123 Rue Trente-et-Unième', 'jean.richard@gmail.com');

INSERT INTO Tuteur (TuteurID, Nom, Prenom, Telephone, Adresse, Email)
VALUES (32, 'Bertrand', 'Louise', '819-234-5678', '456 Avenue Trente-Deuxième', 'louise.bertrand@gmail.com');

INSERT INTO Tuteur (TuteurID, Nom, Prenom, Telephone, Adresse, Email)
VALUES (33, 'Lefebvre', 'Marc', '819-345-6789', '789 Rue Trente-Troisième', 'marc.lefebvre@gmail.com');

INSERT INTO Tuteur (TuteurID, Nom, Prenom, Telephone, Adresse, Email)
VALUES (34, 'Lavoie', 'Suzanne', '819-456-7890', '987 Boulevard Trente-Quatrième', 'suzanne.lavoie@gmail.com');

INSERT INTO Tuteur (TuteurID, Nom, Prenom, Telephone, Adresse, Email)
VALUES (35, 'Beaudoin', 'Pierre', '819-567-8901', '654 Rue Trente-Cinquième', 'pierre.beaudoin@gmail.com');

INSERT INTO Tuteur (TuteurID, Nom, Prenom, Telephone, Adresse, Email)
VALUES (36, 'Lévesque', 'Isabelle', '819-678-9012', '321 Avenue Trente-Sixième', 'isabelle.levesque@gmail.com');

INSERT INTO Tuteur (TuteurID, Nom, Prenom, Telephone, Adresse, Email)
VALUES (37, 'Simard', 'Jacques', '819-789-0123', '123 Rue Trente-Septième', 'jacques.simard@gmail.com');

INSERT INTO Tuteur (TuteurID, Nom, Prenom, Telephone, Adresse, Email)
VALUES (38, 'Fortin', 'Nathalie', '819-890-1234', '456 Avenue Trente-Huitième', 'nathalie.fortin@gmail.com');

INSERT INTO Tuteur (TuteurID, Nom, Prenom, Telephone, Adresse, Email)
VALUES (39, 'Turcotte', 'Martin', '819-901-2345', '789 Rue Trente-Neuvième', 'martin.turcotte@gmail.com');

INSERT INTO Tuteur (TuteurID, Nom, Prenom, Telephone, Adresse, Email)
VALUES (40, 'Lachance', 'Louise', '819-012-3456', '987 Boulevard Quarantième', 'louise.lachance@gmail.com');

INSERT INTO Tuteur (TuteurID, Nom, Prenom, Telephone, Adresse, Email)
VALUES (41, 'Gosselin', 'André', '819-123-4567', '123 Rue Quarante-et-Unième', 'andre.gosselin@gmail.com');

INSERT INTO Tuteur (TuteurID, Nom, Prenom, Telephone, Adresse, Email)
VALUES (42, 'Caron', 'Sophie', '819-234-5678', '456 Avenue Quarante-Deuxième', 'sophie.caron@gmail.com');

INSERT INTO Tuteur (TuteurID, Nom, Prenom, Telephone, Adresse, Email)
VALUES (43, 'Lapierre', 'Denis', '819-345-6789', '789 Rue Quarante-Troisième', 'denis.lapierre@gmail.com');

INSERT INTO Tuteur (TuteurID, Nom, Prenom, Telephone, Adresse, Email)
VALUES (44, 'Renaud', 'Louise', '819-456-7890', '987 Boulevard Quarante-Quatrième', 'louise.renaud@gmail.com');

INSERT INTO Tuteur (TuteurID, Nom, Prenom, Telephone, Adresse, Email)
VALUES (45, 'Bergeron', 'Michel', '819-567-8901', '654 Rue Quarante-Cinquième', 'michel.bergeron@gmail.com');

INSERT INTO Tuteur (TuteurID, Nom, Prenom, Telephone, Adresse, Email)
VALUES (46, 'Boucher', 'Julie', '819-678-9012', '321 Avenue Quarante-Sixième', 'julie.boucher@gmail.com');

INSERT INTO Tuteur (TuteurID, Nom, Prenom, Telephone, Adresse, Email)
VALUES (47, 'Giroux', 'Robert', '819-789-0123', '123 Rue Quarante-Septième', 'robert.giroux@gmail.com');

INSERT INTO Tuteur (TuteurID, Nom, Prenom, Telephone, Adresse, Email)
VALUES (48, 'Ouellette', 'Suzanne', '819-890-1234', '456 Avenue Quarante-Huitième', 'suzanne.ouellette@gmail.com');

INSERT INTO Tuteur (TuteurID, Nom, Prenom, Telephone, Adresse, Email)
VALUES (49, 'Blanchette', 'Pierre', '819-901-2345', '789 Rue Quarante-Neuvième', 'pierre.blanchette@gmail.com');

INSERT INTO Tuteur (TuteurID, Nom, Prenom, Telephone, Adresse, Email)
VALUES (50, 'Laplante', 'Marie', '819-012-3456', '987 Boulevard Cinquantième', 'marie.laplante@gmail.com');

INSERT INTO Tuteur (TuteurID, Nom, Prenom, Telephone, Adresse, Email)
VALUES (51, 'Lafleur', 'Sylvie', '819-012-3457', '123 Rue Cinquante-et-Unième', 'sylvie.lafleur@gmail.com');

INSERT INTO Tuteur (TuteurID, Nom, Prenom, Telephone, Adresse, Email)
VALUES (52, 'Leblanc', 'Denis', '819-123-4568', '456 Avenue Cinquante-Deuxième', 'denis.leblanc@gmail.com');

INSERT INTO Tuteur (TuteurID, Nom, Prenom, Telephone, Adresse, Email)
VALUES (53, 'Giroux', 'Isabelle', '819-234-5679', '789 Rue Cinquante-Troisième', 'isabelle.giroux@gmail.com');

INSERT INTO Tuteur (TuteurID, Nom, Prenom, Telephone, Adresse, Email)
VALUES (54, 'Côté', 'Luc', '819-345-6780', '987 Boulevard Cinquante-Quatrième', 'luc.cote@gmail.com');

INSERT INTO Tuteur (TuteurID, Nom, Prenom, Telephone, Adresse, Email)
VALUES (55, 'Bouchard', 'Suzanne', '819-456-7891', '654 Rue Cinquante-Cinquième', 'suzanne.bouchard@gmail.com');

INSERT INTO Tuteur (TuteurID, Nom, Prenom, Telephone, Adresse, Email)
VALUES (56, 'Bergeron', 'Robert', '819-567-8902', '321 Avenue Cinquante-Sixième', 'robert.bergeron@gmail.com');

INSERT INTO Tuteur (TuteurID, Nom, Prenom, Telephone, Adresse, Email)
VALUES (57, 'Martel', 'Nathalie', '819-678-9013', '123 Rue Cinquante-Septième', 'nathalie.martel@gmail.com');

INSERT INTO Tuteur (TuteurID, Nom, Prenom, Telephone, Adresse, Email)
VALUES (58, 'Gagnon', 'Pierre', '819-789-0124', '456 Avenue Cinquante-Huitième', 'pierre.gagnon@gmail.com');

INSERT INTO Tuteur (TuteurID, Nom, Prenom, Telephone, Adresse, Email)
VALUES (59, 'Simard', 'Louise', '819-890-1235', '789 Rue Cinquante-Neuvième', 'louise.simard@gmail.com');

INSERT INTO Tuteur (TuteurID, Nom, Prenom, Telephone, Adresse, Email)
VALUES (60, 'Caron', 'Marc', '819-901-2346', '987 Boulevard Soixantième', 'marc.caron@gmail.com');

INSERT INTO Tuteur (TuteurID, Nom, Prenom, Telephone, Adresse, Email)
VALUES (61, 'Lafontaine', 'Marie', '819-012-3458', '123 Rue Soixante-et-Unième', 'marie.lafontaine@gmail.com');

INSERT INTO Tuteur (TuteurID, Nom, Prenom, Telephone, Adresse, Email)
VALUES (62, 'Renaud', 'André', '819-123-4569', '456 Avenue Soixante-Deuxième', 'andre.renaud@gmail.com');

INSERT INTO Tuteur (TuteurID, Nom, Prenom, Telephone, Adresse, Email)
VALUES (63, 'Bélanger', 'Sophie', '819-234-5680', '789 Rue Soixante-Troisième', 'sophie.belanger@gmail.com');

INSERT INTO Tuteur (TuteurID, Nom, Prenom, Telephone, Adresse, Email)
VALUES (64, 'Gagné', 'Denis', '819-345-6781', '987 Boulevard Soixante-Quatrième', 'denis.gagne@gmail.com');

INSERT INTO Tuteur (TuteurID, Nom, Prenom, Telephone, Adresse, Email)
VALUES (65, 'Lemieux', 'Louise', '819-456-7892', '654 Rue Soixante-Cinquième', 'louise.lemieux@gmail.com');

INSERT INTO Tuteur (TuteurID, Nom, Prenom, Telephone, Adresse, Email)
VALUES (66, 'Beauchamp', 'Pierre', '819-567-8903', '321 Avenue Soixante-Sixième', 'pierre.beauchamp@gmail.com');

INSERT INTO Tuteur (TuteurID, Nom, Prenom, Telephone, Adresse, Email)
VALUES (67, 'Lachance', 'Nathalie', '819-678-9014', '123 Rue Soixante-Septième', 'nathalie.lachance@gmail.com');

INSERT INTO Tuteur (TuteurID, Nom, Prenom, Telephone, Adresse, Email)
VALUES (68, 'Bergeron', 'Jacques', '819-789-0125', '456 Avenue Soixante-Huitième', 'jacques.bergeron@gmail.com');

INSERT INTO Tuteur (TuteurID, Nom, Prenom, Telephone, Adresse, Email)
VALUES (69, 'Rivard', 'Sylvie', '819-890-1236', '789 Rue Soixante-Neuvième', 'sylvie.rivard@gmail.com');

INSERT INTO Tuteur (TuteurID, Nom, Prenom, Telephone, Adresse, Email)
VALUES (70, 'Michaud', 'Pierre-Paul', '819-981-2347', '987 Boulevard Soixante-Dixième', 'pierrepaul.michaud@gmail.com');

INSERT INTO Tuteur (TuteurID, Nom, Prenom, Telephone, Adresse, Email)
VALUES (71, 'Lapierre', 'Louise', '819-012-3459', '123 Rue Soixante et Onzième', 'louise.lapierre@gmail.com');

INSERT INTO Tuteur (TuteurID, Nom, Prenom, Telephone, Adresse, Email)
VALUES (72, 'Roy', 'Jean', '819-123-4570', '456 Avenue Soixante-Douzième', 'jean.roy@gmail.com');

INSERT INTO Tuteur (TuteurID, Nom, Prenom, Telephone, Adresse, Email)
VALUES (73, 'Blais', 'Marie', '819-234-5681', '789 Rue Soixante-Treizième', 'marie.blais@gmail.com');

INSERT INTO Tuteur (TuteurID, Nom, Prenom, Telephone, Adresse, Email)
VALUES (74, 'Marcotte', 'André', '819-365-6182', '987 Boulevard Soixante-Quatorzième', 'andre.marcotte@gmail.com');

INSERT INTO Tuteur (TuteurID, Nom, Prenom, Telephone, Adresse, Email)
VALUES (75, 'Gagnon', 'Suzanne', '819-456-7893', '654 Rue Soixante-Quinzième', 'suzanne.gagnon@gmail.com');

INSERT INTO Tuteur (TuteurID, Nom, Prenom, Telephone, Adresse, Email)
VALUES (76, 'Bertrand', 'Robert', '819-567-8904', '321 Avenue Soixante-Sixième', 'robert.bertrand@gmail.com');

INSERT INTO Tuteur (TuteurID, Nom, Prenom, Telephone, Adresse, Email)
VALUES (77, 'Perron', 'Nathalie', '819-678-9015', '123 Rue Soixante-Dix-Septième', 'nathalie.perron@gmail.com');

INSERT INTO Tuteur (TuteurID, Nom, Prenom, Telephone, Adresse, Email)
VALUES (78, 'Simard', 'Pierre', '819-789-0126', '456 Avenue Soixante-Dix-Huitième', 'pierre.simard@gmail.com');

INSERT INTO Tuteur (TuteurID, Nom, Prenom, Telephone, Adresse, Email)
VALUES (79, 'Lafontaine', 'Louise', '819-890-1237', '789 Rue Soixante-Dix-Neuvième', 'louise.lafontaine@gmail.com');

INSERT INTO Tuteur (TuteurID, Nom, Prenom, Telephone, Adresse, Email)
VALUES (80, 'Bouchard', 'Martin', '819-901-2348', '987 Boulevard Soixante-Vingtième', 'martin.bouchard@gmail.com');

INSERT INTO Tuteur (TuteurID, Nom, Prenom, Telephone, Adresse, Email)
VALUES (81, 'Bérubé', 'Marie', '819-012-3460', '123 Rue Quatre-Vingtième', 'marie.berube@gmail.com');

INSERT INTO Tuteur (TuteurID, Nom, Prenom, Telephone, Adresse, Email)
VALUES (82, 'Ouellet', 'André', '819-123-4571', '456 Avenue Quatre-Vingt-Unième', 'andre.ouellet@gmail.com');

INSERT INTO Tuteur (TuteurID, Nom, Prenom, Telephone, Adresse, Email)
VALUES (83, 'Gauthier', 'Sophie', '819-234-5682', '789 Rue Quatre-Vingt-Deuxième', 'sophie.gauthier@gmail.com');

INSERT INTO Tuteur (TuteurID, Nom, Prenom, Telephone, Adresse, Email)
VALUES (84, 'Beauchemin', 'Denis', '819-345-6783', '987 Boulevard Quatre-Vingt-Troisième', 'denis.beauchemin@gmail.com');

INSERT INTO Tuteur (TuteurID, Nom, Prenom, Telephone, Adresse, Email)
VALUES (85, 'Lavoie', 'Louise', '819-456-7894', '654 Rue Quatre-Vingt-Quatrième', 'louise.lavoie@gmail.com');

INSERT INTO Tuteur (TuteurID, Nom, Prenom, Telephone, Adresse, Email)
VALUES (86, 'Gosselin', 'Pierre', '819-567-8905', '321 Avenue Quatre-Vingt-Cinquième', 'pierre.gosselin@gmail.com');

INSERT INTO Tuteur (TuteurID, Nom, Prenom, Telephone, Adresse, Email)
VALUES (87, 'Perron', 'Nathalia', '819-978-9016', '123 Rue Quatre-Vingt-Sixième', 'nathalia.perron@gmail.com');

INSERT INTO Tuteur (TuteurID, Nom, Prenom, Telephone, Adresse, Email)
VALUES (88, 'Bergeron', 'Jean-Jacques', '819-989-0127', '456 Avenue Quatre-Vingt-Septième', 'jeanjacques.bergeron@gmail.com');

INSERT INTO Tuteur (TuteurID, Nom, Prenom, Telephone, Adresse, Email)
VALUES (89, 'Renaud', 'Sylvie', '819-890-1238', '789 Rue Quatre-Vingt-Huitième', 'sylvie.renaud@gmail.com');

INSERT INTO Tuteur (TuteurID, Nom, Prenom, Telephone, Adresse, Email)
VALUES (90, 'Martel', 'Pierre', '819-901-2349', '987 Boulevard Quatre-Vingt-Neuvième', 'pierre.martel@gmail.com');

INSERT INTO Tuteur (TuteurID, Nom, Prenom, Telephone, Adresse, Email)
VALUES (91, 'Gagnon', 'Marie', '819-012-3461', '123 Rue Quatre-Vingt-Dixième', 'marie.gagnon@gmail.com');

INSERT INTO Tuteur (TuteurID, Nom, Prenom, Telephone, Adresse, Email)
VALUES (92, 'Boucher', 'André', '819-123-4572', '456 Avenue Centième', 'andre.boucher@gmail.com');

INSERT INTO Tuteur (TuteurID, Nom, Prenom, Telephone, Adresse, Email)
VALUES (93, 'Lafontaine', 'Sophie', '819-234-5683', '789 Rue Cent-Unième', 'sophie.lafontaine@gmail.com');

INSERT INTO Tuteur (TuteurID, Nom, Prenom, Telephone, Adresse, Email)
VALUES (94, 'Bertrand', 'Denis', '819-345-6784', '987 Boulevard Cent-Deuxième', 'denis.bertrand@gmail.com');

INSERT INTO Tuteur (TuteurID, Nom, Prenom, Telephone, Adresse, Email)
VALUES (95, 'Bérubé', 'Louise', '819-456-7895', '654 Rue Cent-Troisième', 'louise.berube@gmail.com');

INSERT INTO Tuteur (TuteurID, Nom, Prenom, Telephone, Adresse, Email)
VALUES (96, 'Gauthier', 'Marc', '819-567-8906', '321 Avenue Cent-Quatrième', 'marc.gauthier@gmail.com');

INSERT INTO Tuteur (TuteurID, Nom, Prenom, Telephone, Adresse, Email)
VALUES (97, 'Bergeron', 'Nathalie', '819-678-9017', '123 Rue Cent-Cinquième', 'nathalie.bergeron@gmail.com');

INSERT INTO Tuteur (TuteurID, Nom, Prenom, Telephone, Adresse, Email)
VALUES (98, 'Roy', 'Pierre', '819-789-0128', '456 Avenue Cent-Sixième', 'pierre.roy@gmail.com');

INSERT INTO Tuteur (TuteurID, Nom, Prenom, Telephone, Adresse, Email)
VALUES (99, 'Lapointe', 'Louise', '819-890-1239', '789 Rue Cent-Septième', 'louise.lapointe@gmail.com');

INSERT INTO Tuteur (TuteurID, Nom, Prenom, Telephone, Adresse, Email)
VALUES (100, 'Caron', 'Robert', '819-901-2350', '987 Boulevard Cent-Huitième', 'robert.caron@gmail.com');

INSERT INTO Tuteur (TuteurID, Nom, Prenom, Telephone, Adresse, Email)
VALUES (101, 'Bergeron', 'Sylvie', '819-012-3462', '123 Rue Cent-Neuvième', 'sylvie.bergeron@gmail.com');

INSERT INTO Tuteur (TuteurID, Nom, Prenom, Telephone, Adresse, Email)
VALUES (102, 'Lavoie', 'Denis', '819-123-4573', '456 Avenue Deux-Cents', 'denis.lavoie@gmail.com');

INSERT INTO Tuteur (TuteurID, Nom, Prenom, Telephone, Adresse, Email)
VALUES (103, 'Girard', 'Isabelle', '819-234-5684', '789 Rue Deux-Cents-Unième', 'isabelle.girard@gmail.com');

INSERT INTO Tuteur (TuteurID, Nom, Prenom, Telephone, Adresse, Email)
VALUES (104, 'Gagnon', 'Mathieu', '819-345-6786', '987 Boulevard Deux-Cents-Deuxième', 'mathieu.gagnon@gmail.com');

INSERT INTO Tuteur (TuteurID, Nom, Prenom, Telephone, Adresse, Email)
VALUES (105, 'Bélanger', 'Marie-Pierre', '819-456-7897', '654 Rue Deux-Cents-Troisième', 'marie-pierre.belanger@gmail.com');

INSERT INTO Tuteur (TuteurID, Nom, Prenom, Telephone, Adresse, Email)
VALUES (106, 'Bertrand', 'Antoine', '819-567-8908', '321 Avenue Deux-Cents-Quatrième', 'antoine.bertrand@gmail.com');

INSERT INTO Tuteur (TuteurID, Nom, Prenom, Telephone, Adresse, Email)
VALUES (107, 'Martineau', 'Valérie', '819-678-9019', '123 Rue Deux-Cents-Cinquième', 'valerie.martineau@gmail.com');

INSERT INTO Tuteur (TuteurID, Nom, Prenom, Telephone, Adresse, Email)
VALUES (108, 'Gosselin', 'Frédéric', '819-789-0130', '456 Avenue Deux-Cents-Sixième', 'frederic.gosselin@gmail.com');

INSERT INTO Tuteur (TuteurID, Nom, Prenom, Telephone, Adresse, Email)
VALUES (109, 'Bergeron', 'Julie', '819-890-1241', '789 Rue Deux-Cents-Septième', 'julie.bergeron@gmail.com');

INSERT INTO Tuteur (TuteurID, Nom, Prenom, Telephone, Adresse, Email)
VALUES (110, 'Leclerc', 'Éric', '819-901-2352', '987 Boulevard Deux-Cents-Huitième', 'eric.leclerc@gmail.com');

INSERT INTO Tuteur (TuteurID, Nom, Prenom, Telephone, Adresse, Email)
VALUES (111, 'Roy', 'Stéphanie', '819-012-3463', '123 Rue Deux-Cents-Neuvième', 'stephanie.roy@gmail.com');

INSERT INTO Tuteur (TuteurID, Nom, Prenom, Telephone, Adresse, Email)
VALUES (112, 'Pelletier', 'Nicolas', '819-123-4574', '456 Avenue Trois-Cents', 'nicolas.pelletier@gmail.com');

INSERT INTO Tuteur (TuteurID, Nom, Prenom, Telephone, Adresse, Email)
VALUES (113, 'Lefebvre', 'Isabelle', '819-234-5685', '789 Rue Trois-Cents-Unième', 'isabelle.lefebvre@gmail.com');

INSERT INTO Tuteur (TuteurID, Nom, Prenom, Telephone, Adresse, Email)
VALUES (114, 'Giguère', 'Martin', '819-345-6786', '987 Boulevard Trois-Cents-Deuxième', 'martin.giguere@gmail.com');

INSERT INTO Tuteur (TuteurID, Nom, Prenom, Telephone, Adresse, Email)
VALUES (115, 'Boivin', 'Geneviève', '819-456-7897', '654 Rue Trois-Cents-Troisième', 'genevieve.boivin@gmail.com');

INSERT INTO Tuteur (TuteurID, Nom, Prenom, Telephone, Adresse, Email)
VALUES (116, 'Couture', 'Étienne', '819-567-8908', '321 Avenue Trois-Cents-Quatrième', 'etienne.couture@gmail.com');

INSERT INTO Tuteur (TuteurID, Nom, Prenom, Telephone, Adresse, Email)
VALUES (117, 'Champagne', 'Marie-Claude', '819-678-9019', '123 Rue Trois-Cents-Cinquième', 'marie-claude.champagne@gmail.com');

INSERT INTO Tuteur (TuteurID, Nom, Prenom, Telephone, Adresse, Email)
VALUES (118, 'Boucher', 'Christian', '819-789-0130', '456 Avenue Trois-Cents-Sixième', 'christian.boucher@gmail.com');

INSERT INTO Tuteur (TuteurID, Nom, Prenom, Telephone, Adresse, Email)
VALUES (119, 'Lapointe', 'Stéphanie', '819-890-1241', '789 Rue Trois-Cents-Septième', 'stephanie.lapointe@gmail.com');


INSERT INTO Tuteur (TuteurID, Nom, Prenom, Telephone, Adresse, Email)
VALUES (120, 'Lavallé', 'Pierre', '819-901-2302', '987 Boulevard Trois-Cents-Huitième', 'pierre.lavallé@gmail.com');



--------------------------------------Insertion des terrains-----------------------------------------------------

INSERT INTO Terrain (TerrainID, Type, Adresse)
VALUES (1, 'Extérieur', '509 Rue Léveillé');

INSERT INTO Terrain (TerrainID, Type, Adresse)
VALUES (2, 'Extérieur', '499 Bd Labrosse #100');

INSERT INTO Terrain (TerrainID, Type, Adresse)
VALUES (3, 'Extérieur', '808 Bd de la Cité');

INSERT INTO Terrain (TerrainID, Type, Adresse)
VALUES (4, 'Extérieur', '30 Rue de Savoie');

INSERT INTO Terrain (TerrainID, Type, Adresse)
VALUES (5, 'Extérieur', '479 Rue St Luc');

INSERT INTO Terrain (TerrainID, Type, Adresse)
VALUES (6, 'Extérieur', '500 Rue de Cannes');

INSERT INTO Terrain (TerrainID, Type, Adresse)
VALUES (7, 'Extérieur', '7 Rue Marengère');

INSERT INTO Terrain (TerrainID, Type, Adresse)
VALUES (8, 'Extérieur', '251 Rue Saint-Antoine');

INSERT INTO Terrain (TerrainID, Type, Adresse)
VALUES (9, 'Extérieur', 'Rue Saint-Louis');

INSERT INTO Terrain (TerrainID, Type, Adresse)
VALUES (10, 'Extérieur', '445 Rue Nobert');

INSERT INTO Terrain (TerrainID, Type, Adresse)
VALUES (11, 'Extérieur', '100 Rue de Morency');

INSERT INTO Terrain (TerrainID, Type, Adresse)
VALUES (12, 'Extérieur', '580 Rue Maclaren E');

INSERT INTO Terrain (TerrainID, Type, Adresse)
VALUES (13, 'Extérieur', '605 Rue Davidson E');

INSERT INTO Terrain (TerrainID, Type, Adresse)
VALUES (14, 'Extérieur', 'Av. de la Drave');

INSERT INTO Terrain (TerrainID, Type, Adresse)
VALUES (15, 'Extérieur', '397 Boulevard de la Cité-des-Jeunes');

INSERT INTO Terrain (TerrainID, Type, Adresse)
VALUES (16, 'Extérieur', '114 Rue de la Reine-Élisabeth E');

INSERT INTO Terrain (TerrainID, Type, Adresse)
VALUES (17, 'Extérieur', '50 Chem. de la Savane');

INSERT INTO Terrain (TerrainID, Type, Adresse)
VALUES (18, 'Extérieur', '64 Rue Louis-Riel');

INSERT INTO Terrain (TerrainID, Type, Adresse)
VALUES (19, 'Extérieur', '74 Rue Moreau');

INSERT INTO Terrain (TerrainID, Type, Adresse)
VALUES (20, 'Extérieur', '1360 Rue d''Alma');

INSERT INTO Terrain (TerrainID, Type, Adresse)
VALUES (21, 'Extérieur', '299 Rue Ernest-Gaboury');

INSERT INTO Terrain (TerrainID, Type, Adresse)
VALUES (22, 'Extérieur', '181 Rue de Lausanne');

INSERT INTO Terrain (TerrainID, Type, Adresse)
VALUES (23, 'Extérieur', '360 Bd la Vérendrye E');

INSERT INTO Terrain (TerrainID, Type, Adresse)
VALUES (24, 'Extérieur', '280 Chem. de la Savane');

INSERT INTO Terrain (TerrainID, Type, Adresse)
VALUES (25, 'Intérieur', '499 Bd Labrosse #100');

INSERT INTO Terrain (TerrainID, Type, Adresse)
VALUES (26, 'Intérieur', '1165 Bd Saint-René E');

INSERT INTO Terrain (TerrainID, Type, Adresse)
VALUES (27, 'Intérieur', '1 Rue Saint-Alexandre');

INSERT INTO Terrain (TerrainID, Type, Adresse)
VALUES (28, 'Intérieur', '184 Rue Nelligan');

INSERT INTO Terrain (TerrainID, Type, Adresse)
VALUES (29, 'Intérieur', '299 Rue Ernest-Gaboury');

INSERT INTO Terrain (TerrainID, Type, Adresse)
VALUES (30, 'Intérieur', '385 Rue Brébeuf');

INSERT INTO Terrain (TerrainID, Type, Adresse)
VALUES (31, 'Intérieur', '808 Cité Blvd');

-------------------------------Insertion des Ligues----------------------------------------

INSERT INTO Ligue (LigueID, NomLigue, Description)
VALUES (1, 'Nord', 'Ligue Nord');

INSERT INTO Ligue (LigueID, NomLigue, Description)
VALUES (2, 'Sud', 'Ligue Sud');

INSERT INTO Ligue (LigueID, NomLigue, Description)
VALUES (3, 'Ouest', 'Ligue Ouest');

INSERT INTO Ligue (LigueID, NomLigue, Description)
VALUES (4, 'Est', 'Ligue Est');


----------------------------------Insertion des Programmes------------------------------------
--Ligue Nord
		-- Été
		INSERT INTO Programme (ProgrammeID, Niveau, Saison, NomProgramme, AgeMin, AgeMax, LigueID)
		VALUES (1, 'Local', 'Ete', 'Départ Actif', 4, 6, 1);

		INSERT INTO Programme (ProgrammeID, Niveau, Saison, NomProgramme, AgeMin, AgeMax, LigueID)
		VALUES (2, 'Local', 'Ete', 'Les fondamentaux #1', 7, 8,1);

		INSERT INTO Programme (ProgrammeID, Niveau, Saison, NomProgramme, AgeMin, AgeMax, LigueID)
		VALUES (3, 'Local', 'Ete', 'Les fondamentaux #2', 9, 10,1);

		INSERT INTO Programme (ProgrammeID, Niveau, Saison, NomProgramme, AgeMin, AgeMax, LigueID)
		VALUES (4, 'Local', 'Ete', 'U11 et U12', 11, 12,1);

		INSERT INTO Programme (ProgrammeID, Niveau, Saison, NomProgramme, AgeMin, AgeMax, LigueID)
		VALUES (5, 'Local', 'Ete', 'U13 à U19', 13, 19,1);

		INSERT INTO Programme (ProgrammeID, Niveau, Saison, NomProgramme, AgeMin, AgeMax, LigueID)
		VALUES (6, 'Competitif', 'Ete', 'U13 à U19', 13, 19,1);

		INSERT INTO Programme (ProgrammeID, Niveau, Saison, NomProgramme, AgeMin, AgeMax, LigueID)
		VALUES (7, 'Competitif', 'Ete', 'U21 et Senior', 21, NULL,1);

		INSERT INTO Programme (ProgrammeID, Niveau, Saison, NomProgramme, AgeMin, AgeMax, LigueID)
		VALUES (8, 'Local', 'Ete', 'U21 et Senior', 21, NULL,1);

		-- Automne
		INSERT INTO Programme (ProgrammeID, Niveau, Saison, NomProgramme, AgeMin, AgeMax, LigueID)
		VALUES (9, 'Local', 'Automne', 'Départ Actif', 4, 6,1);

		INSERT INTO Programme (ProgrammeID, Niveau, Saison, NomProgramme, AgeMin, AgeMax, LigueID)
		VALUES (10, 'Local', 'Automne', 'Les fondamentaux #1', 7, 8,1);

		INSERT INTO Programme (ProgrammeID, Niveau, Saison, NomProgramme, AgeMin, AgeMax, LigueID)
		VALUES (11, 'Local', 'Automne', 'Les fondamentaux #2', 9, 10,1);

		INSERT INTO Programme (ProgrammeID, Niveau, Saison, NomProgramme, AgeMin, AgeMax, LigueID)
		VALUES (12, 'Local', 'Automne', 'U11 et U12', 11, 12,1);

		INSERT INTO Programme (ProgrammeID, Niveau, Saison, NomProgramme, AgeMin, AgeMax, LigueID)
		VALUES (13, 'Local', 'Automne', 'U13 à U19', 13, 19,1);

		INSERT INTO Programme (ProgrammeID, Niveau, Saison, NomProgramme, AgeMin, AgeMax, LigueID)
		VALUES (14, 'Competitif', 'Automne', 'U13 à U19', 13, 19,1);

		INSERT INTO Programme (ProgrammeID, Niveau, Saison, NomProgramme, AgeMin, AgeMax, LigueID)
		VALUES (15, 'Competitif', 'Automne', 'U21 et Senior', 21, NULL,1);

		INSERT INTO Programme (ProgrammeID, Niveau, Saison, NomProgramme, AgeMin, AgeMax, LigueID)
		VALUES (16, 'Local', 'Automne', 'U21 et Senior', 21, NULL,1);

		-- Hiver

		INSERT INTO Programme (ProgrammeID, Niveau, Saison, NomProgramme, AgeMin, AgeMax, LigueID)
		VALUES (17, 'Local', 'Hiver', 'Départ Actif', 4, 6,1);

		INSERT INTO Programme (ProgrammeID, Niveau, Saison, NomProgramme, AgeMin, AgeMax, LigueID)
		VALUES (18, 'Local', 'Hiver', 'Les fondamentaux #1', 7, 8,1);

		INSERT INTO Programme (ProgrammeID, Niveau, Saison, NomProgramme, AgeMin, AgeMax, LigueID)
		VALUES (19, 'Local', 'Hiver', 'Les fondamentaux #2', 9, 10,1);

		INSERT INTO Programme (ProgrammeID, Niveau, Saison, NomProgramme, AgeMin, AgeMax, LigueID)
		VALUES (20, 'Local', 'Hiver', 'U11 et U12', 11, 12,1);

		INSERT INTO Programme (ProgrammeID, Niveau, Saison, NomProgramme, AgeMin, AgeMax, LigueID)
		VALUES (21, 'Local', 'Hiver', 'U13 à U19', 13, 19,1);

		INSERT INTO Programme (ProgrammeID, Niveau, Saison, NomProgramme, AgeMin, AgeMax, LigueID)
		VALUES (22, 'Competitif', 'Hiver', 'U13 à U19', 13, 19,1);

		INSERT INTO Programme (ProgrammeID, Niveau, Saison, NomProgramme, AgeMin, AgeMax, LigueID)
		VALUES (23, 'Competitif', 'Hiver', 'U21 et Senior', 21, NULL,1);

		INSERT INTO Programme (ProgrammeID, Niveau, Saison, NomProgramme, AgeMin, AgeMax, LigueID)
		VALUES (24, 'Local', 'Hiver', 'U21 et Senior', 21, NULL,1)

--Ligue Sud
		-- Été
		INSERT INTO Programme (ProgrammeID, Niveau, Saison, NomProgramme, AgeMin, AgeMax, LigueID)
		VALUES (25, 'Local', 'Ete', 'Départ Actif', 4, 6, 2);

		INSERT INTO Programme (ProgrammeID, Niveau, Saison, NomProgramme, AgeMin, AgeMax, LigueID)
		VALUES (26, 'Local', 'Ete', 'Les fondamentaux #1', 7, 8,2);

		INSERT INTO Programme (ProgrammeID, Niveau, Saison, NomProgramme, AgeMin, AgeMax, LigueID)
		VALUES (27, 'Local', 'Ete', 'Les fondamentaux #2', 9, 10,2);

		INSERT INTO Programme (ProgrammeID, Niveau, Saison, NomProgramme, AgeMin, AgeMax, LigueID)
		VALUES (28, 'Local', 'Ete', 'U11 et U12', 11, 12,2);

		INSERT INTO Programme (ProgrammeID, Niveau, Saison, NomProgramme, AgeMin, AgeMax, LigueID)
		VALUES (29, 'Local', 'Ete', 'U13 à U19', 13, 19,2);

		INSERT INTO Programme (ProgrammeID, Niveau, Saison, NomProgramme, AgeMin, AgeMax, LigueID)
		VALUES (30, 'Competitif', 'Ete', 'U13 à U19', 13, 19,2);

		INSERT INTO Programme (ProgrammeID, Niveau, Saison, NomProgramme, AgeMin, AgeMax, LigueID)
		VALUES (31, 'Competitif', 'Ete', 'U21 et Senior', 21, NULL,2);

		INSERT INTO Programme (ProgrammeID, Niveau, Saison, NomProgramme, AgeMin, AgeMax, LigueID)
		VALUES (32, 'Local', 'Ete', 'U21 et Senior', 21, NULL,2);

		-- Automne
		INSERT INTO Programme (ProgrammeID, Niveau, Saison, NomProgramme, AgeMin, AgeMax, LigueID)
		VALUES (33, 'Local', 'Automne', 'Départ Actif', 4, 6,2);

		INSERT INTO Programme (ProgrammeID, Niveau, Saison, NomProgramme, AgeMin, AgeMax, LigueID)
		VALUES (34, 'Local', 'Automne', 'Les fondamentaux #1', 7, 8,2);

		INSERT INTO Programme (ProgrammeID, Niveau, Saison, NomProgramme, AgeMin, AgeMax, LigueID)
		VALUES (35, 'Local', 'Automne', 'Les fondamentaux #2', 9, 10,2);

		INSERT INTO Programme (ProgrammeID, Niveau, Saison, NomProgramme, AgeMin, AgeMax, LigueID)
		VALUES (36, 'Local', 'Automne', 'U11 et U12', 11, 12,2);

		INSERT INTO Programme (ProgrammeID, Niveau, Saison, NomProgramme, AgeMin, AgeMax, LigueID)
		VALUES (37, 'Local', 'Automne', 'U13 à U19', 13, 19,2);

		INSERT INTO Programme (ProgrammeID, Niveau, Saison, NomProgramme, AgeMin, AgeMax, LigueID)
		VALUES (38, 'Competitif', 'Automne', 'U13 à U19', 13, 19,2);

		INSERT INTO Programme (ProgrammeID, Niveau, Saison, NomProgramme, AgeMin, AgeMax, LigueID)
		VALUES (39, 'Competitif', 'Automne', 'U21 et Senior', 21, NULL,2);

		INSERT INTO Programme (ProgrammeID, Niveau, Saison, NomProgramme, AgeMin, AgeMax, LigueID)
		VALUES (40, 'Local', 'Automne', 'U21 et Senior', 21, NULL,2);

		-- Hiver

		INSERT INTO Programme (ProgrammeID, Niveau, Saison, NomProgramme, AgeMin, AgeMax, LigueID)
		VALUES (41, 'Local', 'Hiver', 'Départ Actif', 4, 6,2);

		INSERT INTO Programme (ProgrammeID, Niveau, Saison, NomProgramme, AgeMin, AgeMax, LigueID)
		VALUES (42, 'Local', 'Hiver', 'Les fondamentaux #1', 7, 8,2);

		INSERT INTO Programme (ProgrammeID, Niveau, Saison, NomProgramme, AgeMin, AgeMax, LigueID)
		VALUES (43, 'Local', 'Hiver', 'Les fondamentaux #2', 9, 10,2);

		INSERT INTO Programme (ProgrammeID, Niveau, Saison, NomProgramme, AgeMin, AgeMax, LigueID)
		VALUES (44, 'Local', 'Hiver', 'U11 et U12', 11, 12,2);

		INSERT INTO Programme (ProgrammeID, Niveau, Saison, NomProgramme, AgeMin, AgeMax, LigueID)
		VALUES (45, 'Local', 'Hiver', 'U13 à U19', 13, 19,2);

		INSERT INTO Programme (ProgrammeID, Niveau, Saison, NomProgramme, AgeMin, AgeMax, LigueID)
		VALUES (46, 'Competitif', 'Hiver', 'U13 à U19', 13, 19,2);

		INSERT INTO Programme (ProgrammeID, Niveau, Saison, NomProgramme, AgeMin, AgeMax, LigueID)
		VALUES (47, 'Competitif', 'Hiver', 'U21 et Senior', 21, NULL,2);

		INSERT INTO Programme (ProgrammeID, Niveau, Saison, NomProgramme, AgeMin, AgeMax, LigueID)
		VALUES (48, 'Local', 'Hiver', 'U21 et Senior', 21, NULL,2)

--Ligue Ouest
		-- Été
		INSERT INTO Programme (ProgrammeID, Niveau, Saison, NomProgramme, AgeMin, AgeMax, LigueID)
		VALUES (49, 'Local', 'Ete', 'Départ Actif', 4, 6, 3);

		INSERT INTO Programme (ProgrammeID, Niveau, Saison, NomProgramme, AgeMin, AgeMax, LigueID)
		VALUES (50, 'Local', 'Ete', 'Les fondamentaux #1', 7, 8,3);

		INSERT INTO Programme (ProgrammeID, Niveau, Saison, NomProgramme, AgeMin, AgeMax, LigueID)
		VALUES (51, 'Local', 'Ete', 'Les fondamentaux #2', 9, 10,3);

		INSERT INTO Programme (ProgrammeID, Niveau, Saison, NomProgramme, AgeMin, AgeMax, LigueID)
		VALUES (52, 'Local', 'Ete', 'U11 et U12', 11, 12,3);

		INSERT INTO Programme (ProgrammeID, Niveau, Saison, NomProgramme, AgeMin, AgeMax, LigueID)
		VALUES (53, 'Local', 'Ete', 'U13 à U19', 13, 19,3);

		INSERT INTO Programme (ProgrammeID, Niveau, Saison, NomProgramme, AgeMin, AgeMax, LigueID)
		VALUES (54, 'Competitif', 'Ete', 'U13 à U19', 13, 19,3);

		INSERT INTO Programme (ProgrammeID, Niveau, Saison, NomProgramme, AgeMin, AgeMax, LigueID)
		VALUES (55, 'Competitif', 'Ete', 'U21 et Senior', 21, NULL,3);

		INSERT INTO Programme (ProgrammeID, Niveau, Saison, NomProgramme, AgeMin, AgeMax, LigueID)
		VALUES (56, 'Local', 'Ete', 'U21 et Senior', 21, NULL,3);

		-- Automne
		INSERT INTO Programme (ProgrammeID, Niveau, Saison, NomProgramme, AgeMin, AgeMax, LigueID)
		VALUES (57, 'Local', 'Automne', 'Départ Actif', 4, 6,3);

		INSERT INTO Programme (ProgrammeID, Niveau, Saison, NomProgramme, AgeMin, AgeMax, LigueID)
		VALUES (58, 'Local', 'Automne', 'Les fondamentaux #1', 7, 8,3);

		INSERT INTO Programme (ProgrammeID, Niveau, Saison, NomProgramme, AgeMin, AgeMax, LigueID)
		VALUES (59, 'Local', 'Automne', 'Les fondamentaux #2', 9, 10,3);

		INSERT INTO Programme (ProgrammeID, Niveau, Saison, NomProgramme, AgeMin, AgeMax, LigueID)
		VALUES (60, 'Local', 'Automne', 'U11 et U12', 11, 12,3);

		INSERT INTO Programme (ProgrammeID, Niveau, Saison, NomProgramme, AgeMin, AgeMax, LigueID)
		VALUES (61, 'Local', 'Automne', 'U13 à U19', 13, 19,3);

		INSERT INTO Programme (ProgrammeID, Niveau, Saison, NomProgramme, AgeMin, AgeMax, LigueID)
		VALUES (62, 'Competitif', 'Automne', 'U13 à U19', 13, 19,3);

		INSERT INTO Programme (ProgrammeID, Niveau, Saison, NomProgramme, AgeMin, AgeMax, LigueID)
		VALUES (63, 'Competitif', 'Automne', 'U21 et Senior', 21, NULL,3);

		INSERT INTO Programme (ProgrammeID, Niveau, Saison, NomProgramme, AgeMin, AgeMax, LigueID)
		VALUES (64, 'Local', 'Automne', 'U21 et Senior', 21, NULL,3);

		-- Hiver

		INSERT INTO Programme (ProgrammeID, Niveau, Saison, NomProgramme, AgeMin, AgeMax, LigueID)
		VALUES (65, 'Local', 'Hiver', 'Départ Actif', 4, 6,3);

		INSERT INTO Programme (ProgrammeID, Niveau, Saison, NomProgramme, AgeMin, AgeMax, LigueID)
		VALUES (66, 'Local', 'Hiver', 'Les fondamentaux #1', 7, 8,3);

		INSERT INTO Programme (ProgrammeID, Niveau, Saison, NomProgramme, AgeMin, AgeMax, LigueID)
		VALUES (67, 'Local', 'Hiver', 'Les fondamentaux #2', 9, 10,3);

		INSERT INTO Programme (ProgrammeID, Niveau, Saison, NomProgramme, AgeMin, AgeMax, LigueID)
		VALUES (68, 'Local', 'Hiver', 'U11 et U12', 11, 12,3);

		INSERT INTO Programme (ProgrammeID, Niveau, Saison, NomProgramme, AgeMin, AgeMax, LigueID)
		VALUES (69, 'Local', 'Hiver', 'U13 à U19', 13, 19,3);

		INSERT INTO Programme (ProgrammeID, Niveau, Saison, NomProgramme, AgeMin, AgeMax, LigueID)
		VALUES (70, 'Competitif', 'Hiver', 'U13 à U19', 13, 19,3);

		INSERT INTO Programme (ProgrammeID, Niveau, Saison, NomProgramme, AgeMin, AgeMax, LigueID)
		VALUES (71, 'Competitif', 'Hiver', 'U21 et Senior', 21, NULL,3);

		INSERT INTO Programme (ProgrammeID, Niveau, Saison, NomProgramme, AgeMin, AgeMax, LigueID)
		VALUES (72, 'Local', 'Hiver', 'U21 et Senior', 21, NULL,3)

--Ligue Est
		-- Été
		INSERT INTO Programme (ProgrammeID, Niveau, Saison, NomProgramme, AgeMin, AgeMax, LigueID)
		VALUES (73, 'Local', 'Ete', 'Départ Actif', 4, 6, 4);

		INSERT INTO Programme (ProgrammeID, Niveau, Saison, NomProgramme, AgeMin, AgeMax, LigueID)
		VALUES (74, 'Local', 'Ete', 'Les fondamentaux #1', 7, 8,4);

		INSERT INTO Programme (ProgrammeID, Niveau, Saison, NomProgramme, AgeMin, AgeMax, LigueID)
		VALUES (75, 'Local', 'Ete', 'Les fondamentaux #2', 9, 10,4);

		INSERT INTO Programme (ProgrammeID, Niveau, Saison, NomProgramme, AgeMin, AgeMax, LigueID)
		VALUES (76, 'Local', 'Ete', 'U11 et U12', 11, 12,4);

		INSERT INTO Programme (ProgrammeID, Niveau, Saison, NomProgramme, AgeMin, AgeMax, LigueID)
		VALUES (77, 'Local', 'Ete', 'U13 à U19', 13, 19,4);

		INSERT INTO Programme (ProgrammeID, Niveau, Saison, NomProgramme, AgeMin, AgeMax, LigueID)
		VALUES (78, 'Competitif', 'Ete', 'U13 à U19', 13, 19,4);

		INSERT INTO Programme (ProgrammeID, Niveau, Saison, NomProgramme, AgeMin, AgeMax, LigueID)
		VALUES (79, 'Competitif', 'Ete', 'U21 et Senior', 21, NULL,4);

		INSERT INTO Programme (ProgrammeID, Niveau, Saison, NomProgramme, AgeMin, AgeMax, LigueID)
		VALUES (80, 'Local', 'Ete', 'U21 et Senior', 21, NULL,4);

		-- Automne
		INSERT INTO Programme (ProgrammeID, Niveau, Saison, NomProgramme, AgeMin, AgeMax, LigueID)
		VALUES (81, 'Local', 'Automne', 'Départ Actif', 4, 6,4);

		INSERT INTO Programme (ProgrammeID, Niveau, Saison, NomProgramme, AgeMin, AgeMax, LigueID)
		VALUES (82, 'Local', 'Automne', 'Les fondamentaux #1', 7, 8,4);

		INSERT INTO Programme (ProgrammeID, Niveau, Saison, NomProgramme, AgeMin, AgeMax, LigueID)
		VALUES (83, 'Local', 'Automne', 'Les fondamentaux #2', 9, 10,4);

		INSERT INTO Programme (ProgrammeID, Niveau, Saison, NomProgramme, AgeMin, AgeMax, LigueID)
		VALUES (84, 'Local', 'Automne', 'U11 et U12', 11, 12,4);

		INSERT INTO Programme (ProgrammeID, Niveau, Saison, NomProgramme, AgeMin, AgeMax, LigueID)
		VALUES (85, 'Local', 'Automne', 'U13 à U19', 13, 19,4);

		INSERT INTO Programme (ProgrammeID, Niveau, Saison, NomProgramme, AgeMin, AgeMax, LigueID)
		VALUES (86, 'Competitif', 'Automne', 'U13 à U19', 13, 19,4);

		INSERT INTO Programme (ProgrammeID, Niveau, Saison, NomProgramme, AgeMin, AgeMax, LigueID)
		VALUES (87, 'Competitif', 'Automne', 'U21 et Senior', 21, NULL,4);

		INSERT INTO Programme (ProgrammeID, Niveau, Saison, NomProgramme, AgeMin, AgeMax, LigueID)
		VALUES (88, 'Local', 'Automne', 'U21 et Senior', 21, NULL,4);

		-- Hiver

		INSERT INTO Programme (ProgrammeID, Niveau, Saison, NomProgramme, AgeMin, AgeMax, LigueID)
		VALUES (89, 'Local', 'Hiver', 'Départ Actif', 4, 6,4);

		INSERT INTO Programme (ProgrammeID, Niveau, Saison, NomProgramme, AgeMin, AgeMax, LigueID)
		VALUES (90, 'Local', 'Hiver', 'Les fondamentaux #1', 7, 8,4);

		INSERT INTO Programme (ProgrammeID, Niveau, Saison, NomProgramme, AgeMin, AgeMax, LigueID)
		VALUES (91, 'Local', 'Hiver', 'Les fondamentaux #2', 9, 10,4);

		INSERT INTO Programme (ProgrammeID, Niveau, Saison, NomProgramme, AgeMin, AgeMax, LigueID)
		VALUES (92, 'Local', 'Hiver', 'U11 et U12', 11, 12,4);

		INSERT INTO Programme (ProgrammeID, Niveau, Saison, NomProgramme, AgeMin, AgeMax, LigueID)
		VALUES (93, 'Local', 'Hiver', 'U13 à U19', 13, 19,4);

		INSERT INTO Programme (ProgrammeID, Niveau, Saison, NomProgramme, AgeMin, AgeMax, LigueID)
		VALUES (94, 'Competitif', 'Hiver', 'U13 à U19', 13, 19,4);

		INSERT INTO Programme (ProgrammeID, Niveau, Saison, NomProgramme, AgeMin, AgeMax, LigueID)
		VALUES (95, 'Competitif', 'Hiver', 'U21 et Senior', 21, NULL,4);

		INSERT INTO Programme (ProgrammeID, Niveau, Saison, NomProgramme, AgeMin, AgeMax, LigueID)
		VALUES (96, 'Local', 'Hiver', 'U21 et Senior', 21, NULL,4)

----------------------------Insertion des Entraineurs---------------------------------

-- Entraineur 1
INSERT INTO Entraineur (EntraineurID, Nom, Prenom, Email, Telephone, NAS)
VALUES (1, 'Tremblay', 'Jean', 'jean.tremblay@gmail.com', '819-123-4567', '123-456-789');

-- Entraineur 2
INSERT INTO Entraineur (EntraineurID, Nom, Prenom, Email, Telephone, NAS)
VALUES (2, 'Gagnon', 'Marie', 'marie.gagnon@gmail.com', '819-234-5678', '234-567-890');

-- Entraineur 3
INSERT INTO Entraineur (EntraineurID, Nom, Prenom, Email, Telephone, NAS)
VALUES (3, 'Roy', 'Pierre', 'pierre.roy@gmail.com', '819-345-6789', '345-678-901');

-- Entraineur 4
INSERT INTO Entraineur (EntraineurID, Nom, Prenom, Email, Telephone, NAS)
VALUES (4, 'Côté', 'Isabelle', 'isabelle.cote@gmail.com', '819-456-7890', '456-789-012');

-- Entraineur 5
INSERT INTO Entraineur (EntraineurID, Nom, Prenom, Email, Telephone, NAS)
VALUES (5, 'Bouchard', 'Martin', 'martin.bouchard@gmail.com', '819-567-8901', '567-890-123');

-- Entraineur 6
INSERT INTO Entraineur (EntraineurID, Nom, Prenom, Email, Telephone, NAS)
VALUES (6, 'Gauthier', 'Sophie', 'sophie.gauthier@gmail.com', '819-678-9012', '678-901-234');

-- Entraineur 7
INSERT INTO Entraineur (EntraineurID, Nom, Prenom, Email, Telephone, NAS)
VALUES (7, 'Morin', 'Michel', 'michel.morin@gmail.com', '819-789-0123', '789-012-345');

-- Entraineur 8
INSERT INTO Entraineur (EntraineurID, Nom, Prenom, Email, Telephone, NAS)
VALUES (8, 'Lavoie', 'Nathalie', 'nathalie.lavoie@gmail.com', '819-890-1234', '890-123-456');

-- Entraineur 9
INSERT INTO Entraineur (EntraineurID, Nom, Prenom, Email, Telephone, NAS)
VALUES (9, 'Fortin', 'Robert', 'robert.fortin@gmail.com', '819-901-2345', '901-234-567');

-- Entraineur 10
INSERT INTO Entraineur (EntraineurID, Nom, Prenom, Email, Telephone, NAS)
VALUES (10, 'Gagné', 'Louise', 'louise.gagne@gmail.com', '819-012-3456', '012-345-678');



----------------------------Insertion des Équipes--------------------------------------

-- Team 1
INSERT INTO Equipe (EquipeID, EntraineurID, ProgrammeID, Nom, Classement)
VALUES (1, 1, 86, 'Team 1', 1);

-- Team 2
INSERT INTO Equipe (EquipeID, EntraineurID, ProgrammeID, Nom, Classement)
VALUES (2, 2, 86, 'Team 2', 2);

-- Team 3
INSERT INTO Equipe (EquipeID, EntraineurID, ProgrammeID, Nom, Classement)
VALUES (3, 3, 86, 'Team 3', 3);

-- Team 4
INSERT INTO Equipe (EquipeID, EntraineurID, ProgrammeID, Nom, Classement)
VALUES (4, 4, 86, 'Team 4', 4);

-- Team 5
INSERT INTO Equipe (EquipeID, EntraineurID, ProgrammeID, Nom, Classement)
VALUES (5, 5, 86, 'Team 5', 5);

-- Team 6
INSERT INTO Equipe (EquipeID, EntraineurID, ProgrammeID, Nom, Classement)
VALUES (6, 6, 86, 'Team 6', 6);

-- Team 7
INSERT INTO Equipe (EquipeID, EntraineurID, ProgrammeID, Nom, Classement)
VALUES (7, 7, 86, 'Team 7', 7);

-- Team 8
INSERT INTO Equipe (EquipeID, EntraineurID, ProgrammeID, Nom, Classement)
VALUES (8, 8, 86, 'Team 8', 8);

-- Team 9
INSERT INTO Equipe (EquipeID, EntraineurID, ProgrammeID, Nom, Classement)
VALUES (9, 9, 86, 'Team 9', 9);

-- Team 10
INSERT INTO Equipe (EquipeID, EntraineurID, ProgrammeID, Nom, Classement)
VALUES (10, 10, 86, 'Team 10', 10);

---------------------Associé un Entraineur à une équipe---------------------------------

UPDATE Entraineur
SET EquipeID = EntraineurID
WHERE EquipeID IS NULL;

-------------------------------Insertion des Joueurs----------------------------------

-- Équipe 1 
INSERT INTO Joueur (JoueurID, EquipeID, TuteurID, Nom, Prenom, DateDeNaissance, Position)
VALUES
(1, 1, 1, 'Smith', 'John', '2006-01-01', 'Milieu de terrain'),
(2, 1, 2, 'Johnson', 'Michael', '2006-02-02', 'Attaquant'),
(3, 1, 3, 'Williams', 'David', '2006-03-03', 'Défenseur'),
(4, 1, 4, 'Jones', 'James', '2006-04-04', 'Défenseur'),
(5, 1, 5, 'Brown', 'Matthew', '2006-05-05', 'Milieu de terrain'),
(6, 1, 6, 'Davis', 'Daniel', '2006-06-06', 'Attaquant'),
(7, 1, 7, 'Miller', 'Christopher', '2006-07-07', 'Défenseur'),
(8, 1, 8, 'Wilson', 'Andrew', '2006-08-08', 'Attaquant'),
(9, 1, 9, 'Moore', 'Joseph', '2006-09-09', 'Milieu de terrain'),
(10, 1, 10, 'Taylor', 'William', '2006-10-10', 'Attaquant'),
(11, 1, 11, 'Anderson', 'Nicholas', '2006-11-11', 'Défenseur'),
(12, 1, 12, 'Thomas', 'Benjamin', '2006-12-12', 'Gardien de but');


-- Équipe 2 
INSERT INTO Joueur (JoueurID, EquipeID, TuteurID, Nom, Prenom, DateDeNaissance, Position)
VALUES
(13, 2, 13, 'Martin', 'Alexandre', '2006-01-01', 'Milieu de terrain'),
(14, 2, 14, 'Roy', 'Maxime', '2006-02-02', 'Attaquant'),
(15, 2, 15, 'Pelletier', 'Gabriel', '2006-03-03', 'Défenseur'),
(16, 2, 16, 'Fortin', 'Samuel', '2006-04-04', 'Gardien de but'),
(17, 2, 17, 'Gagné', 'Anthony', '2006-05-05', 'Milieu de terrain'),
(18, 2, 18, 'Lavoie', 'Étienne', '2006-06-06', 'Attaquant'),
(19, 2, 19, 'Leblanc', 'Nicolas', '2006-07-07', 'Défenseur'),
(20, 2, 20, 'Thibault', 'Mathis', '2006-08-08', 'Défenseur'),
(21, 2, 21, 'Bergeron', 'William', '2006-09-09', 'Milieu de terrain'),
(22, 2, 22, 'Bouchard', 'Olivier', '2006-10-10', 'Attaquant'),
(23, 2, 23, 'Morin', 'Alexis', '2006-11-11', 'Défenseur'),
(24, 2, 24, 'Lemieux', 'Thomas', '2006-12-12', 'Attaquant');

-- Équipe 3 
INSERT INTO Joueur (JoueurID, EquipeID, TuteurID, Nom, Prenom, DateDeNaissance, Position)
VALUES
(25, 3, 25, 'Lefebvre', 'William', '2006-01-01', 'Milieu de terrain'),
(26, 3, 26, 'Rousseau', 'Gabriel', '2006-02-02', 'Attaquant'),
(27, 3, 27, 'Mercier', 'Thomas', '2006-03-03', 'Défenseur'),
(28, 3, 28, 'Lévesque', 'Alexandre', '2006-04-04', 'Attaquant'),
(29, 3, 29, 'Dupuis', 'Édouard', '2006-05-05', 'Milieu de terrain'),
(30, 3, 30, 'Gauthier', 'Mathieu', '2006-06-06', 'Attaquant'),
(31, 3, 31, 'Morissette', 'Olivier', '2006-07-07', 'Défenseur'),
(32, 3, 32, 'Côté', 'Maxime', '2006-08-08', 'Gardien de but'),
(33, 3, 33, 'Fortier', 'Antoine', '2006-09-09', 'Milieu de terrain'),
(34, 3, 34, 'Caron', 'Samuel', '2006-10-10', 'Attaquant'),
(35, 3, 35, 'Bélanger', 'Mathis', '2006-11-11', 'Défenseur'),
(36, 3, 36, 'Leblanc', 'Émile', '2006-12-12', 'Défenseur');

-- Équipe 4 
INSERT INTO Joueur (JoueurID, EquipeID, TuteurID, Nom, Prenom, DateDeNaissance, Position)
VALUES
(37, 4, 37, 'Gagnon', 'Alexandre', '2006-01-01', 'Milieu de terrain'),
(38, 4, 38, 'Poirier', 'Étienne', '2006-02-02', 'Attaquant'),
(39, 4, 39, 'Bergeron', 'Olivier', '2006-03-03', 'Défenseur'),
(40, 4, 40, 'Leblanc', 'Gabriel', '2006-04-04', 'Gardien de but'),
(41, 4, 41, 'Boucher', 'Mathis', '2006-05-05', 'Milieu de terrain'),
(42, 4, 42, 'Gauthier', 'Maxime', '2006-06-06', 'Attaquant'),
(43, 4, 43, 'Morin', 'Antoine', '2006-07-07', 'Défenseur'),
(44, 4, 44, 'Côté', 'William', '2006-08-08', 'Défenseur'),
(45, 4, 45, 'Lavoie', 'Samuel', '2006-09-09', 'Milieu de terrain'),
(46, 4, 46, 'Caron', 'Émile', '2006-10-10', 'Attaquant'),
(47, 4, 47, 'Fortin', 'Édouard', '2006-11-11', 'Défenseur'),
(48, 4, 48, 'Pelletier', 'Mathieu', '2006-12-12', 'Attaquant');

-- Équipe 5 
INSERT INTO Joueur (JoueurID, EquipeID, TuteurID, Nom, Prenom, DateDeNaissance, Position)
VALUES
(49, 5, 49, 'Lemieux', 'Thomas', '2006-01-01', 'Milieu de terrain'),
(50, 5, 50, 'Gagné', 'Alexandre', '2006-02-02', 'Attaquant'),
(51, 5, 51, 'Bertrand', 'Olivier', '2006-03-03', 'Défenseur'),
(52, 5, 52, 'Morissette', 'Gabriel', '2006-04-04', 'Attaquant'),
(53, 5, 53, 'Desjardins', 'Mathis', '2006-05-05', 'Milieu de terrain'),
(54, 5, 54, 'St-Pierre', 'Maxime', '2006-06-06', 'Attaquant'),
(55, 5, 55, 'Lapierre', 'Antoine', '2006-07-07', 'Défenseur'),
(56, 5, 56, 'Grégoire', 'William', '2006-08-08', 'Gardien de but'),
(57, 5, 57, 'Blais', 'Samuel', '2006-09-09', 'Milieu de terrain'),
(58, 5, 58, 'Beauchamp', 'Émile', '2006-10-10', 'Attaquant'),
(59, 5, 59, 'Caron', 'Édouard', '2006-11-11', 'Défenseur'),
(60, 5, 60, 'Rivard', 'Mathieu', '2006-12-12', 'Défenseur');

-- Équipe 6
INSERT INTO Joueur (JoueurID, EquipeID, TuteurID, Nom, Prenom, DateDeNaissance, Position)
VALUES
(61, 6, 61, 'Fortier', 'Julien', '2006-01-01', 'Milieu de terrain'),
(62, 6, 62, 'Simard', 'Félix', '2006-02-02', 'Attaquant'),
(63, 6, 63, 'Gosselin', 'Jacob', '2006-03-03', 'Défenseur'),
(64, 6, 64, 'Ouellet', 'William', '2006-04-04', 'Gardien de but'),
(65, 6, 65, 'Rochon', 'Nathan', '2006-05-05', 'Milieu de terrain'),
(66, 6, 66, 'Vachon', 'Alexis', '2006-06-06', 'Attaquant'),
(67, 6, 67, 'Couture', 'Émile', '2006-07-07', 'Défenseur'),
(68, 6, 68, 'Larouche', 'Olivier', '2006-08-08', 'Défenseur'),
(69, 6, 69, 'Bernier', 'Justin', '2006-09-09', 'Milieu de terrain'),
(70, 6, 70, 'Grenier', 'Léo', '2006-10-10', 'Attaquant'),
(71, 6, 71, 'Paradis', 'Loïc', '2006-11-11', 'Défenseur'),
(72, 6, 72, 'Bouchard', 'Mathis', '2006-12-12', 'Attaquant');

-- Équipe 7 
INSERT INTO Joueur (JoueurID ,EquipeID, TuteurID, Nom, Prenom, DateDeNaissance, Position)
VALUES
(73, 7, 73, 'Boucher', 'Mathis', '2006-01-01', 'Milieu de terrain'),
(74, 7, 74, 'Tremblay', 'Émile', '2006-02-02', 'Attaquant'),
(75, 7, 75, 'Lévesque', 'Maxime', '2006-03-03', 'Défenseur'),
(76, 7, 76, 'Gauthier', 'William', '2006-04-04', 'Attaquant'),
(77, 7, 77, 'Côté', 'Samuel', '2006-05-05', 'Milieu de terrain'),
(78, 7, 78, 'Lavoie', 'Alexandre', '2006-06-06', 'Attaquant'),
(79, 7, 79, 'Gagnon', 'Étienne', '2006-07-07', 'Défenseur'),
(80, 7, 80, 'Bergeron', 'Thomas', '2006-08-08', 'Défenseur'),
(81, 7, 81, 'Girard', 'Louis', '2006-09-09', 'Milieu de terrain'),
(82, 7, 82, 'Poirier', 'David', '2006-10-10', 'Attaquant'),
(83, 7, 83, 'Beaulieu', 'Mathieu', '2006-11-11', 'Défenseur'),
(84, 7, 84, 'Caron', 'Zacharie', '2006-12-12', 'Gardien de but');

-- Équipe 8 
INSERT INTO Joueur (JoueurID, EquipeID, TuteurID, Nom, Prenom, DateDeNaissance, Position)
VALUES
(85, 8, 85, 'Lefebvre', 'Maxime', '2006-01-01', 'Milieu de terrain'),
(86, 8, 86, 'Martel', 'Alexandre', '2006-02-02', 'Attaquant'),
(87, 8, 87, 'Boivin', 'Étienne', '2006-03-03', 'Défenseur'),
(88, 8, 88, 'Leblanc', 'William', '2006-04-04', 'Gardien de but'),
(89, 8, 89, 'Dufour', 'Samuel', '2006-05-05', 'Milieu de terrain'),
(90, 8, 90, 'Jacques', 'Émile', '2006-06-06', 'Attaquant'),
(91, 8, 91, 'Morin', 'Louis', '2006-07-07', 'Défenseur'),
(92, 8, 92, 'Dupuis', 'Thomas', '2006-08-08', 'Gardien de but'),
(93, 8, 93, 'Gagné', 'Louis', '2006-09-09', 'Milieu de terrain'),
(94, 8, 94, 'Giroux', 'David', '2006-10-10', 'Attaquant'),
(95, 8, 95, 'Lapointe', 'Mathieu', '2006-11-11', 'Défenseur'),
(96, 8, 96, 'Pelletier', 'Zacharie', '2006-12-12', 'Gardien de but');

-- Équipe 9 
INSERT INTO Joueur (JoueurID, EquipeID, TuteurID, Nom, Prenom, DateDeNaissance, Position)
VALUES
(97, 9, 97, 'Roy', 'Étienne', '2006-01-01', 'Milieu de terrain'),
(98, 9, 98, 'Gauthier', 'Maxime', '2006-02-02', 'Attaquant'),
(99, 9, 99, 'Pelletier', 'Antoine', '2006-03-03', 'Défenseur'),
(100, 9, 100, 'Leclerc', 'Olivier', '2006-04-04', 'Défenseur'),
(101, 9, 101, 'Deschênes', 'Mathis', '2006-05-05', 'Milieu de terrain'),
(102, 9, 102, 'Boucher', 'Alexandre', '2006-06-06', 'Attaquant'),
(103, 9, 103, 'Girard', 'Émile', '2006-07-07', 'Défenseur'),
(104, 9, 104, 'Lavoie', 'William', '2006-08-08', 'Gardien de but'),
(105, 9, 105, 'Fortin', 'Louis', '2006-09-09', 'Milieu de terrain'),
(106, 9, 106, 'Bergeron', 'David', '2006-10-10', 'Attaquant'),
(107, 9, 107, 'Cloutier', 'Mathieu', '2006-11-11', 'Défenseur'),
(108, 9, 108, 'Côté', 'Zacharie', '2006-12-12', 'Attaquant');

-- Équipe 10 
INSERT INTO Joueur (JoueurID, EquipeID, TuteurID, Nom, Prenom, DateDeNaissance, Position)
VALUES
(109, 10, 109, 'Lefebvre', 'Étienne', '2006-01-01', 'Milieu de terrain'),
(110, 10, 110, 'Martel', 'Maxime', '2006-02-02', 'Attaquant'),
(111, 10, 111, 'Lemay', 'Antoine', '2006-03-03', 'Défenseur'),
(112, 10, 112, 'Lapointe', 'Olivier', '2006-04-04', 'Attaquant'),
(113, 10, 113, 'Lacroix', 'Mathis', '2006-05-05', 'Milieu de terrain'),
(114, 10, 114, 'Lalonde', 'Alexandre', '2006-06-06', 'Attaquant'),
(115, 10, 115, 'Langlois', 'Émile', '2006-07-07', 'Défenseur'),
(116, 10, 116, 'Leblanc', 'William', '2006-08-08', 'Gardien de but'),
(117, 10, 117, 'Leduc', 'Louis', '2006-09-09', 'Milieu de terrain'),
(118, 10, 118, 'Lefrançois', 'David', '2006-10-10', 'Attaquant'),
(119, 10, 119, 'Lapierre', 'Mathieu', '2006-11-11', 'Défenseur'),
(120, 10, 120, 'Leclerc', 'Zacharie', '2006-12-12', 'Défenseur');


-------------------------------Insertion des arbitres--------------------------------------

-- Arbitre 1
INSERT INTO Arbitre (ArbitreID, Nom, Prenom, Telephone, NAS, Email)
VALUES (1, 'Tremblay', 'Jean', '514-123-4567', '123-456-789', 'jean.tremblay@email.com');

-- Arbitre 2
INSERT INTO Arbitre (ArbitreID, Nom, Prenom, Telephone, NAS, Email)
VALUES (2, 'Gagnon', 'Pierre', '450-234-5678', '234-567-890', 'pierre.gagnon@email.com');

-- Arbitre 3
INSERT INTO Arbitre (ArbitreID, Nom, Prenom, Telephone, NAS, Email)
VALUES (3, 'Roy', 'Luc', '418-345-6789', '345-678-901', 'luc.roy@email.com');

-- Arbitre 4
INSERT INTO Arbitre (ArbitreID, Nom, Prenom, Telephone, NAS, Email)
VALUES (4, 'Lavoie', 'Martin', '514-456-7890', '456-789-012', 'martin.lavoie@email.com');

-- Arbitre 5
INSERT INTO Arbitre (ArbitreID, Nom, Prenom, Telephone, NAS, Email)
VALUES (5, 'Morin', 'André', '450-567-8901', '567-890-123', 'andre.morin@email.com');

-- Arbitre 6
INSERT INTO Arbitre (ArbitreID, Nom, Prenom, Telephone, NAS, Email)
VALUES (6, 'Fortin', 'Jacques', '418-678-9012', '678-901-234', 'jacques.fortin@email.com');

-- Arbitre 7
INSERT INTO Arbitre (ArbitreID, Nom, Prenom, Telephone, NAS, Email)
VALUES (7, 'Bouchard', 'Paul', '514-789-0123', '789-012-345', 'paul.bouchard@email.com');

-- Arbitre 8
INSERT INTO Arbitre (ArbitreID, Nom, Prenom, Telephone, NAS, Email)
VALUES (8, 'Gagné', 'Louis', '450-890-1234', '890-123-456', 'louis.gagne@email.com');

------------------------------Insertion des Match--------------------------------

INSERT INTO Match (MatchID, EquipeDomicileID, EquipeExterieurID, ArbitreID, TerrainID, TempsDebut, Statut)
VALUES (1, 1, 2, 2, 1, '2023-06-30T18:00:00.000', 'Termine');


INSERT INTO Match (MatchID, EquipeDomicileID, EquipeExterieurID, ArbitreID, TerrainID, TempsDebut, Statut)
VALUES (2, 1, 3, 2, 1, '2023-07-07T18:00:00.000', 'Termine');


INSERT INTO Match (MatchID, EquipeDomicileID, EquipeExterieurID, ArbitreID, TerrainID, TempsDebut, Statut)
VALUES (3, 1, 4, 2, 1, '2023-07-14T18:00:00.000', 'Termine');


INSERT INTO Match (MatchID, EquipeDomicileID, EquipeExterieurID, ArbitreID, TerrainID, TempsDebut, Statut)
VALUES (4, 1, 5, 2, 1, '2023-07-21T18:00:00.000', 'Termine');


INSERT INTO Match (MatchID, EquipeDomicileID, EquipeExterieurID, ArbitreID, TerrainID, TempsDebut, Statut)
VALUES (5, 6, 1, 2, 6, '2023-07-28T18:00:00.000', 'Termine');


INSERT INTO Match (MatchID, EquipeDomicileID, EquipeExterieurID, ArbitreID, TerrainID, TempsDebut, Statut)
VALUES (6, 7, 1, 1, 7, '2023-08-05T18:00:00.000', 'Termine');


INSERT INTO Match (MatchID, EquipeDomicileID, EquipeExterieurID, ArbitreID, TerrainID, TempsDebut, Statut)
VALUES (7, 8, 1, 2, 8, '2023-08-12T18:00:00.000', 'Termine');

INSERT INTO Match (MatchID, EquipeDomicileID, EquipeExterieurID, ArbitreID, TerrainID, TempsDebut, Statut)
VALUES (8, 9, 1, 1, 9, '2023-08-19T18:00:00.000', 'Termine');


INSERT INTO Match (MatchID, EquipeDomicileID, EquipeExterieurID, ArbitreID, TerrainID, TempsDebut, Statut)
VALUES (9, 10, 2, 2, 10, '2023-08-26T18:00:00.000', 'Termine');

INSERT INTO Match (MatchID, EquipeDomicileID, EquipeExterieurID, ArbitreID, TerrainID, TempsDebut, Statut)
VALUES (10, 2, 3, 1, 2, '2023-06-29T18:00:00.000', 'Termine');


INSERT INTO Match (MatchID, EquipeDomicileID, EquipeExterieurID, ArbitreID, TerrainID, TempsDebut, Statut)
VALUES (11, 2, 4, 2, 2, '2023-07-06T18:00:00.000', 'Termine');


INSERT INTO Match (MatchID, EquipeDomicileID, EquipeExterieurID, ArbitreID, TerrainID, TempsDebut, Statut)
VALUES (12, 2, 5, 1, 2, '2023-07-13T18:00:00.000', 'Termine');


INSERT INTO Match (MatchID, EquipeDomicileID, EquipeExterieurID, ArbitreID, TerrainID, TempsDebut, Statut)
VALUES (13, 5, 2, 2, 2, '2023-07-20T18:00:00.000', 'Termine');


INSERT INTO Match (MatchID, EquipeDomicileID, EquipeExterieurID, ArbitreID, TerrainID, TempsDebut, Statut)
VALUES (14, 6, 2, 2, 6, '2023-07-27T18:00:00.000', 'Termine');


INSERT INTO Match (MatchID, EquipeDomicileID, EquipeExterieurID, ArbitreID, TerrainID, TempsDebut, Statut)
VALUES (15, 7, 2, 1, 7, '2023-08-04T18:00:00.000', 'Termine');


INSERT INTO Match (MatchID, EquipeDomicileID, EquipeExterieurID, ArbitreID, TerrainID, TempsDebut, Statut)
VALUES (16, 8, 2, 2, 8, '2023-08-11T18:00:00.000', 'Termine');

INSERT INTO Match (MatchID, EquipeDomicileID, EquipeExterieurID, ArbitreID, TerrainID, TempsDebut, Statut)
VALUES (17, 9, 2, 1, 9, '2023-08-18T18:00:00.000', 'Termine');


INSERT INTO Match (MatchID, EquipeDomicileID, EquipeExterieurID, ArbitreID, TerrainID, TempsDebut, Statut)
VALUES (18, 10, 2, 2, 10, '2023-08-25T18:00:00.000', 'Termine');


INSERT INTO Match (MatchID, EquipeDomicileID, EquipeExterieurID, ArbitreID, TerrainID, TempsDebut, Statut)
VALUES (19, 3, 4, 3, 3, '2023-06-29T18:00:00.000', 'Termine');


INSERT INTO Match (MatchID, EquipeDomicileID, EquipeExterieurID, ArbitreID, TerrainID, TempsDebut, Statut)
VALUES (20, 3, 5, 4, 3, '2023-07-06T18:00:00.000', 'Termine');


INSERT INTO Match (MatchID, EquipeDomicileID, EquipeExterieurID, ArbitreID, TerrainID, TempsDebut, Statut)
VALUES (21, 3, 6, 3, 3, '2023-07-13T18:00:00.000', 'Termine');


INSERT INTO Match (MatchID, EquipeDomicileID, EquipeExterieurID, ArbitreID, TerrainID, TempsDebut, Statut)
VALUES (22, 7, 3, 4, 7, '2023-07-20T18:00:00.000', 'Termine');


INSERT INTO Match (MatchID, EquipeDomicileID, EquipeExterieurID, ArbitreID, TerrainID, TempsDebut, Statut)
VALUES (23, 8, 3, 3, 8, '2023-07-27T18:00:00.000', 'Termine');


INSERT INTO Match (MatchID, EquipeDomicileID, EquipeExterieurID, ArbitreID, TerrainID, TempsDebut, Statut)
VALUES (24, 9, 3, 4, 9, '2023-08-04T18:00:00.000', 'Termine');


INSERT INTO Match (MatchID, EquipeDomicileID, EquipeExterieurID, ArbitreID, TerrainID, TempsDebut, Statut)
VALUES (25, 10, 3, 3, 10, '2023-08-11T18:00:00.000', 'Termine');

INSERT INTO Match (MatchID, EquipeDomicileID, EquipeExterieurID, ArbitreID, TerrainID, TempsDebut, Statut)
VALUES (26, 4, 5, 4, 4, '2023-08-18T18:00:00.000', 'Termine');


INSERT INTO Match (MatchID, EquipeDomicileID, EquipeExterieurID, ArbitreID, TerrainID, TempsDebut, Statut)
VALUES (27, 4, 6, 3, 4, '2023-08-25T18:00:00.000', 'Termine');

INSERT INTO Match (MatchID, EquipeDomicileID, EquipeExterieurID, ArbitreID, TerrainID, TempsDebut, Statut)
VALUES (28, 7, 4, 4, 7, '2023-06-28T18:00:00.000', 'Termine');


INSERT INTO Match (MatchID, EquipeDomicileID, EquipeExterieurID, ArbitreID, TerrainID, TempsDebut, Statut)
VALUES (29, 8, 4, 3, 8, '2023-07-05T18:00:00.000', 'Termine');


INSERT INTO Match (MatchID, EquipeDomicileID, EquipeExterieurID, ArbitreID, TerrainID, TempsDebut, Statut)
VALUES (30, 9, 4, 4, 9, '2023-07-12T18:00:00.000', 'Termine');


INSERT INTO Match (MatchID, EquipeDomicileID, EquipeExterieurID, ArbitreID, TerrainID, TempsDebut, Statut)
VALUES (31, 10, 4, 3, 10, '2023-07-19T18:00:00.000', 'Termine');


INSERT INTO Match (MatchID, EquipeDomicileID, EquipeExterieurID, ArbitreID, TerrainID, TempsDebut, Statut)
VALUES (32, 5, 6, 5, 5, '2023-07-26T18:00:00.000', 'Termine');


INSERT INTO Match (MatchID, EquipeDomicileID, EquipeExterieurID, ArbitreID, TerrainID, TempsDebut, Statut)
VALUES (33, 5, 7, 6, 5, '2023-08-03T18:00:00.000', 'Termine');


INSERT INTO Match (MatchID, EquipeDomicileID, EquipeExterieurID, ArbitreID, TerrainID, TempsDebut, Statut)
VALUES (34, 8, 5, 5, 5, '2023-08-10T18:00:00.000', 'Termine');

INSERT INTO Match (MatchID, EquipeDomicileID, EquipeExterieurID, ArbitreID, TerrainID, TempsDebut, Statut)
VALUES (35, 9, 5, 6, 9, '2023-08-17T18:00:00.000', 'Termine');


INSERT INTO Match (MatchID, EquipeDomicileID, EquipeExterieurID, ArbitreID, TerrainID, TempsDebut, Statut)
VALUES (36, 10, 5, 5, 10, '2023-08-24T18:00:00.000', 'Termine');


INSERT INTO Match (MatchID, EquipeDomicileID, EquipeExterieurID, ArbitreID, TerrainID, TempsDebut, Statut)
VALUES (37, 6, 7, 5, 6, '2023-07-25T18:00:00.000', 'Termine');


INSERT INTO Match (MatchID, EquipeDomicileID, EquipeExterieurID, ArbitreID, TerrainID, TempsDebut, Statut)
VALUES (38, 6, 8, 6, 6, '2023-08-02T18:00:00.000', 'Termine');


INSERT INTO Match (MatchID, EquipeDomicileID, EquipeExterieurID, ArbitreID, TerrainID, TempsDebut, Statut)
VALUES (39, 9, 6, 5, 9, '2023-08-09T18:00:00.000', 'Termine');

INSERT INTO Match (MatchID, EquipeDomicileID, EquipeExterieurID, ArbitreID, TerrainID, TempsDebut, Statut)
VALUES (40, 10, 6, 6, 10, '2023-08-16T18:00:00.000', 'Termine');

INSERT INTO Match (MatchID, EquipeDomicileID, EquipeExterieurID, ArbitreID, TerrainID, TempsDebut, Statut)
VALUES (41, 7, 8, 5, 7, '2023-07-24T18:00:00.000', 'Termine');


INSERT INTO Match (MatchID, EquipeDomicileID, EquipeExterieurID, ArbitreID, TerrainID, TempsDebut, Statut)
VALUES (42, 9, 7, 6, 9, '2023-08-01T18:00:00.000', 'Termine');


INSERT INTO Match (MatchID, EquipeDomicileID, EquipeExterieurID, ArbitreID, TerrainID, TempsDebut, Statut)
VALUES (43, 10, 7, 5, 10, '2023-08-08T18:00:00.000', 'Termine');

INSERT INTO Match (MatchID, EquipeDomicileID, EquipeExterieurID, ArbitreID, TerrainID, TempsDebut, Statut)
VALUES (44, 8, 9, 7, 8, '2023-08-26T18:00:00.000', 'Termine');

INSERT INTO Match (MatchID, EquipeDomicileID, EquipeExterieurID, ArbitreID, TerrainID, TempsDebut, Statut)
VALUES (45, 10, 8, 8, 8, '2023-08-17T18:00:00.000', 'Termine');


INSERT INTO Match (MatchID, EquipeDomicileID, EquipeExterieurID, ArbitreID, TerrainID, TempsDebut, Statut)
VALUES (46, 9, 10, 4, 9, '2023-08-27T18:00:00.000', 'Termine');

-------------------------------Insertion des Buts-----------------------------
-- But 1
INSERT INTO But (ButID, ButJoueurID, AssistJoueurID, MatchID, Temps)
VALUES (1, 1, NULL, 1, '2023-06-30T18:30:00.000');

-- But 2
INSERT INTO But (ButID, ButJoueurID, AssistJoueurID, MatchID, Temps)
VALUES (2, 13, 14, 1, '2023-06-30T19:15:00.000');

-- But 3
INSERT INTO But (ButID, ButJoueurID, AssistJoueurID, MatchID, Temps)
VALUES (3, 2, 4, 1, '2023-06-30T19:21:00.000');

-- But 4
INSERT INTO But (ButID, ButJoueurID, AssistJoueurID, MatchID, Temps)
VALUES (4, 13, NULL, 2, '2023-07-07T18:15:00.000');

-- But 5
INSERT INTO But (ButID, ButJoueurID, AssistJoueurID, MatchID, Temps)
VALUES (5, 26, 25, 2, '2023-07-07T18:25:00.000');

-- But 6
INSERT INTO But (ButID, ButJoueurID, AssistJoueurID, MatchID, Temps)
VALUES (6, 28, 27, 2, '2023-07-07T18:35:00.000');

-- But 7
INSERT INTO But (ButID, ButJoueurID, AssistJoueurID, MatchID, Temps)
VALUES (7, 3, NULL, 2, '2023-07-07T18:45:00.000');

-- But 8
INSERT INTO But (ButID, ButJoueurID, AssistJoueurID, MatchID, Temps)
VALUES (8, 7, NULL, 3, '2023-07-14T18:30:00.000');

-- But 9
INSERT INTO But (ButID, ButJoueurID, AssistJoueurID, MatchID, Temps)
VALUES (9, 53, 52, 4, '2023-07-21T18:35:00.000');

-- But 10
INSERT INTO But (ButID, ButJoueurID, AssistJoueurID, MatchID, Temps)
VALUES (10, 71, NULL, 5, '2023-07-28T18:18:00.000');

-- But 11
INSERT INTO But (ButID, ButJoueurID, AssistJoueurID, MatchID, Temps)
VALUES (11, 9, 6, 6, '2023-08-05T18:46:00.000');

-- But 12
INSERT INTO But (ButID, ButJoueurID, AssistJoueurID, MatchID, Temps)
VALUES (12, 93, NULL, 7, '2023-08-12T18:25:00.000');

-- But 13
INSERT INTO But (ButID, ButJoueurID, AssistJoueurID, MatchID, Temps)
VALUES (13, 7, 1, 8, '2023-08-19T18:32:00.000');

-- But 14
INSERT INTO But (ButID, ButJoueurID, AssistJoueurID, MatchID, Temps)
VALUES (14, 15, 14, 9, '2023-08-26T18:16:00.000');

-- But 15
INSERT INTO But (ButID, ButJoueurID, AssistJoueurID, MatchID, Temps)
VALUES (15, 15, 16, 10, '2023-06-29T18:19:00.000');

-- But 16
INSERT INTO But (ButID, ButJoueurID, AssistJoueurID, MatchID, Temps)
VALUES (16, 42, NULL, 11, '2023-07-06T18:50:00.000');

-- But 17
INSERT INTO But (ButID, ButJoueurID, AssistJoueurID, MatchID, Temps)
VALUES (17, 53, NULL, 12, '2023-07-13T18:41:00.000');

-- But 18
INSERT INTO But (ButID, ButJoueurID, AssistJoueurID, MatchID, Temps)
VALUES (18, 17, 15, 13, '2023-07-20T18:04:00.000');

-- But 19
INSERT INTO But (ButID, ButJoueurID, AssistJoueurID, MatchID, Temps)
VALUES (19, 15, NULL, 14, '2023-07-27T18:17:00.000');

-- But 20
INSERT INTO But (ButID, ButJoueurID, AssistJoueurID, MatchID, Temps)
VALUES (20, 82, 81, 15, '2023-08-04T18:26:00.000');

-- But 21
INSERT INTO But (ButID, ButJoueurID, AssistJoueurID, MatchID, Temps)
VALUES (21, 15, 14, 16, '2023-08-11T18:09:00.000');

-- But 22
INSERT INTO But (ButID, ButJoueurID, AssistJoueurID, MatchID, Temps)
VALUES (22, 98, NULL, 17, '2023-08-18T18:07:00.000');

-- But 23
INSERT INTO But (ButID, ButJoueurID, AssistJoueurID, MatchID, Temps)
VALUES (23, 13, 14, 18, '2023-08-25T18:40:00.000');

-- But 24
INSERT INTO But (ButID, ButJoueurID, AssistJoueurID, MatchID, Temps)
VALUES (24, 25, 27, 19, '2023-06-29T18:21:00.000');

-- But 25
INSERT INTO But (ButID, ButJoueurID, AssistJoueurID, MatchID, Temps)
VALUES (25, 26, NULL, 20, '2023-07-06T18:53:00.000');

-- But 26
INSERT INTO But (ButID, ButJoueurID, AssistJoueurID, MatchID, Temps)
VALUES (26, 26, 25, 21, '2023-07-13T18:20:00.000');

-- But 27
INSERT INTO But (ButID, ButJoueurID, AssistJoueurID, MatchID, Temps)
VALUES (27, 75, NULL, 22, '2023-07-20T18:42:00.000');

-- But 28
INSERT INTO But (ButID, ButJoueurID, AssistJoueurID, MatchID, Temps)
VALUES (28, 25, NULL, 23, '2023-07-27T18:11:00.000');

-- But 29
INSERT INTO But (ButID, ButJoueurID, AssistJoueurID, MatchID, Temps)
VALUES (29, 97, NULL, 24, '2023-08-04T18:45:00.000');

-- But 30
INSERT INTO But (ButID, ButJoueurID, AssistJoueurID, MatchID, Temps)
VALUES (30, 113, 115, 25, '2023-08-11T18:33:00.000');

-- But 31
INSERT INTO But (ButID, ButJoueurID, AssistJoueurID, MatchID, Temps)
VALUES (31, 58, NULL, 26, '2023-08-18T18:12:00.000');

-- But 32
INSERT INTO But (ButID, ButJoueurID, AssistJoueurID, MatchID, Temps)
VALUES (32, 62, 66, 27, '2023-08-25T18:20:00.000');

-- But 33
INSERT INTO But (ButID, ButJoueurID, AssistJoueurID, MatchID, Temps)
VALUES (33, 40, NULL, 28, '2023-06-28T18:11:00.000');

-- But 34
INSERT INTO But (ButID, ButJoueurID, AssistJoueurID, MatchID, Temps)
VALUES (34, 38, 40, 29, '2023-07-05T18:51:00.000');

-- But 35
INSERT INTO But (ButID, ButJoueurID, AssistJoueurID, MatchID, Temps)
VALUES (35, 100, 101, 30, '2023-07-12T18:14:00.000');

-- But 36
INSERT INTO But (ButID, ButJoueurID, AssistJoueurID, MatchID, Temps)
VALUES (36, 109, NULL, 31, '2023-07-19T18:54:00.000');

-- But 37
INSERT INTO But (ButID, ButJoueurID, AssistJoueurID, MatchID, Temps)
VALUES (37, 49, NULL, 32, '2023-07-26T18:16:00.000');

-- But 38
INSERT INTO But (ButID, ButJoueurID, AssistJoueurID, MatchID, Temps)
VALUES (38, 73, NULL, 33, '2023-08-03T18:40:00.000');

-- But 39
INSERT INTO But (ButID, ButJoueurID, AssistJoueurID, MatchID, Temps)
VALUES (39, 55, 56, 34, '2023-08-10T18:11:00.000');

-- But 40
INSERT INTO But (ButID, ButJoueurID, AssistJoueurID, MatchID, Temps)
VALUES (40, 100, NULL, 35, '2023-08-17T18:12:00.000');

-- But 41
INSERT INTO But (ButID, ButJoueurID, AssistJoueurID, MatchID, Temps)
VALUES (41, 113, 115, 36, '2023-08-24T18:56:00.000');

-- But 42
INSERT INTO But (ButID, ButJoueurID, AssistJoueurID, MatchID, Temps)
VALUES (42, 62, 65, 37, '2023-07-25T18:42:00.000');


-- But 43
INSERT INTO But (ButID, ButJoueurID, AssistJoueurID, MatchID, Temps)
VALUES (43, 91, NULL, 38, '2023-08-02T18:40:00.000');

-- But 44
INSERT INTO But (ButID, ButJoueurID, AssistJoueurID, MatchID, Temps)
VALUES (44, 100, NULL, 39, '2023-08-09T18:52:00.000');

-- But 45
INSERT INTO But (ButID, ButJoueurID, AssistJoueurID, MatchID, Temps)
VALUES (45, 113, 115, 40, '2023-08-16T18:46:00.000');

-- But 46
INSERT INTO But (ButID, ButJoueurID, AssistJoueurID, MatchID, Temps)
VALUES (46, 91, 85, 41, '2023-07-24T18:06:00.000');

-- But 47
INSERT INTO But (ButID, ButJoueurID, AssistJoueurID, MatchID, Temps)
VALUES (47, 74, NULL, 42, '2023-08-01T18:50:00.000');

-- But 48
INSERT INTO But (ButID, ButJoueurID, AssistJoueurID, MatchID, Temps)
VALUES (48, 120, NULL, 43, '2023-08-08T18:52:00.000');

-- But 49
INSERT INTO But (ButID, ButJoueurID, AssistJoueurID, MatchID, Temps)
VALUES (49, 86, 87, 44, '2023-08-26T18:00:00.000');

-- But 50
INSERT INTO But (ButID, ButJoueurID, AssistJoueurID, MatchID, Temps)
VALUES (50, 91, 85, 45, '2023-08-17T18:07:00.000');

-- But 51
INSERT INTO But (ButID, ButJoueurID, AssistJoueurID, MatchID, Temps)
VALUES (51, 114, NULL, 46, '2023-08-27T18:50:00.000');

--------------------------------Insertions des pratiques-----------------------------------

-- Pratique pour Equipe 1
INSERT INTO Pratique (PratiqueID, EquipeID, TerrainID, Statut, TempsDebut)
VALUES (1, 1, 1, 'Termine', '2023-09-30T08:00:00.000');

INSERT INTO Pratique (PratiqueID, EquipeID, TerrainID, Statut, TempsDebut)
VALUES (2, 1, 1, 'Termine', '2023-10-07T10:00:00.000');

INSERT INTO Pratique (PratiqueID, EquipeID, TerrainID, Statut, TempsDebut)
VALUES (3, 1, 1, 'Termine', '2023-09-14T14:00:00.000');

-- Pratique pour Equipe 2
INSERT INTO Pratique (PratiqueID, EquipeID, TerrainID, Statut, TempsDebut)
VALUES (4, 2, 2, 'Termine', '2023-09-30T08:00:00.000');

INSERT INTO Pratique (PratiqueID, EquipeID, TerrainID, Statut, TempsDebut)
VALUES (5, 2, 2, 'Termine', '2023-10-07T10:00:00.000');

INSERT INTO Pratique (PratiqueID, EquipeID, TerrainID, Statut, TempsDebut)
VALUES (6, 2, 2, 'Termine', '2023-09-14T14:00:00.000');

-- Pratique pour Equipe 3
INSERT INTO Pratique (PratiqueID, EquipeID, TerrainID, Statut, TempsDebut)
VALUES (7, 3, 3, 'Termine', '2023-09-30T08:00:00.000');

INSERT INTO Pratique (PratiqueID, EquipeID, TerrainID, Statut, TempsDebut)
VALUES (8, 3, 3, 'Termine', '2023-10-07T10:00:00.000');

INSERT INTO Pratique (PratiqueID, EquipeID, TerrainID, Statut, TempsDebut)
VALUES (9, 3, 3, 'Termine', '2023-09-14T14:00:00.000');

-- Pratique pour Equipe 4
INSERT INTO Pratique (PratiqueID, EquipeID, TerrainID, Statut, TempsDebut)
VALUES (10, 4, 4, 'Termine', '2023-09-30T08:00:00.000');

INSERT INTO Pratique (PratiqueID, EquipeID, TerrainID, Statut, TempsDebut)
VALUES (11, 4, 4, 'Termine', '2023-10-07T10:00:00.000');

INSERT INTO Pratique (PratiqueID, EquipeID, TerrainID, Statut, TempsDebut)
VALUES (12, 4, 4, 'Termine', '2023-09-14T14:00:00.000');

-- Pratique pour Equipe 5
INSERT INTO Pratique (PratiqueID, EquipeID, TerrainID, Statut, TempsDebut)
VALUES (13, 5, 5, 'Termine', '2023-09-30T08:00:00.000');

INSERT INTO Pratique (PratiqueID, EquipeID, TerrainID, Statut, TempsDebut)
VALUES (14, 5, 5, 'Termine', '2023-10-07T10:00:00.000');

INSERT INTO Pratique (PratiqueID, EquipeID, TerrainID, Statut, TempsDebut)
VALUES (15, 5, 5, 'Termine', '2023-09-14T14:00:00.000');

-- Pratique pour Equipe 6
INSERT INTO Pratique (PratiqueID, EquipeID, TerrainID, Statut, TempsDebut)
VALUES (16, 6, 6, 'Termine', '2023-09-30T08:00:00.000');

INSERT INTO Pratique (PratiqueID, EquipeID, TerrainID, Statut, TempsDebut)
VALUES (17,  6, 6, 'Termine', '2023-10-07T10:00:00.000');

INSERT INTO Pratique (PratiqueID, EquipeID, TerrainID, Statut, TempsDebut)
VALUES (18,  6, 6, 'Termine', '2023-09-14T14:00:00.000');

-- Pratique pour Equipe 7
INSERT INTO Pratique (PratiqueID, EquipeID, TerrainID, Statut, TempsDebut)
VALUES (19, 7, 7, 'Termine', '2023-09-30T08:00:00.000');

INSERT INTO Pratique (PratiqueID, EquipeID, TerrainID, Statut, TempsDebut)
VALUES (20, 7, 7, 'Termine', '2023-10-07T10:00:00.000');

INSERT INTO Pratique (PratiqueID, EquipeID, TerrainID, Statut, TempsDebut)
VALUES (21, 7, 7, 'Termine', '2023-09-14T14:00:00.000');

-- Pratique pour Equipe 8
INSERT INTO Pratique (PratiqueID, EquipeID, TerrainID, Statut, TempsDebut)
VALUES (22, 8 ,8, 'Termine', '2023-09-30T08:00:00.000');

INSERT INTO Pratique (PratiqueID, EquipeID, TerrainID, Statut, TempsDebut)
VALUES (23, 8 ,8, 'Termine', '2023-10-07T10:00:00.000');

INSERT INTO Pratique (PratiqueID, EquipeID, TerrainID, Statut, TempsDebut)
VALUES (24, 8 ,8, 'Termine', '2023-09-14T14:00:00.000');

-- Pratique pour Equipe 9
INSERT INTO Pratique (PratiqueID, EquipeID, TerrainID, Statut, TempsDebut)
VALUES (25, 9, 9, 'Termine', '2023-09-30T08:00:00.000');

INSERT INTO Pratique (PratiqueID, EquipeID, TerrainID, Statut, TempsDebut)
VALUES (26, 9, 9, 'Termine', '2023-10-07T10:00:00.000');

INSERT INTO Pratique (PratiqueID, EquipeID, TerrainID, Statut, TempsDebut)
VALUES (27, 9, 9, 'Termine', '2023-09-14T14:00:00.000');

-- Pratique pour Equipe 10
INSERT INTO Pratique (PratiqueID, EquipeID, TerrainID, Statut, TempsDebut)
VALUES (28, 10, 10, 'Termine', '2023-09-30T08:00:00.000');

INSERT INTO Pratique (PratiqueID, EquipeID, TerrainID, Statut, TempsDebut)
VALUES (29, 10, 10, 'Termine', '2023-10-07T10:00:00.000');

INSERT INTO Pratique (PratiqueID, EquipeID, TerrainID, Statut, TempsDebut)
VALUES (30, 10, 10, 'Termine', '2023-09-14T14:00:00.000');


---------------------------------------------------------Effacement de la base de donnees---------------------------------------------------------
go
USE master
go
-- IF EXISTS (SELECT name FROM master..sysdatabases WHERE name = 'ASG_24')
--     DROP DATABASE ASG_24;
